Unnamed: 0,Country,Player,Team,Base price,Winning bid,Year,team
0,Guyana,Christopher Barnwell,Royal Challengers Bangalore,30.5,30.5,2013,Royal Challengers Bengaluru
1,South Africa,Johan Botha,Delhi Capitals,183.0,274.5,2013,Delhi Capitals
2,Australia,Daniel Christian,Royal Challengers Bangalore,61.0,61.0,2013,Royal Challengers Bengaluru
3,Australia,Michael Clarke,Pune Warriors India,244.0,244.0,2013,Pune Warriors India
4,Australia,Nathan Coulter-Nile,Mumbai Indians,61.0,274.5,2013,Mumbai Indians
5,Sri Lanka,Akila Dananjaya,Chennai Super Kings,12.2,12.2,2013,Chennai Super Kings
6,South Africa,Quinton de Kock,Sunrisers Hyderabad,12.2,12.2,2013,Sunrisers Hyderabad
7,Barbados,Fidel Edwards,Rajasthan Royals,61.0,128.1,2013,Rajasthan Royals
8,Australia,James Faulkner,Rajasthan Royals,61.0,244.0,2013,Rajasthan Royals
9,India,Manpreet Gony,Punjab Kings,122.0,305.0,2013,Punjab Kings
10,Australia,Moisés Henriques,Royal Challengers Bangalore,61.0,183.0,2013,Royal Challengers Bengaluru
11,Barbados,Jason Holder,Chennai Super Kings,12.2,12.2,2013,Chennai Super Kings
12,Australia,Phillip Hughes,Mumbai Indians,61.0,61.0,2013,Mumbai Indians
13,Australia,Ben Laughlin,Chennai Super Kings,12.2,12.2,2013,Chennai Super Kings
14,Australia,Glenn Maxwell,Mumbai Indians,122.0,610.0,2013,Mumbai Indians
15,New Zealand,Nathan McCullum,Sunrisers Hyderabad,61.0,61.0,2013,Sunrisers Hyderabad
16,Australia,Clint McKay,Sunrisers Hyderabad,61.0,61.0,2013,Sunrisers Hyderabad
17,South Africa,Ryan McLaren,Kolkata Knight Riders,30.5,30.5,2013,Kolkata Knight Riders
18,Sri Lanka,Ajantha Mendis,Pune Warriors India,30.5,442.25,2013,Pune Warriors India
19,Sri Lanka,Jeevan Mendis,Delhi Capitals,30.5,30.5,2013,Delhi Capitals
20,South Africa,Chris Morris,Chennai Super Kings,12.2,381.25,2013,Chennai Super Kings
21,Australia,Dirk Nannes,Chennai Super Kings,122.0,366.0,2013,Chennai Super Kings
22,India,Abhishek Nayar,Pune Warriors India,61.0,411.75,2013,Pune Warriors India
23,New Zealand,Jacob Oram,Mumbai Indians,30.5,30.5,2013,Mumbai Indians
24,Sri Lanka,Kusal Perera,Rajasthan Royals,12.2,12.2,2013,Rajasthan Royals
25,Sri Lanka,Thisara Perera,Sunrisers Hyderabad,30.5,411.75,2013,Sunrisers Hyderabad
26,Australia,Luke Pomersbach,Punjab Kings,30.5,183.0,2013,Punjab Kings
27,Australia,Ricky Ponting,Mumbai Indians,244.0,244.0,2013,Mumbai Indians
28,Trinidad and Tobago,Ravi Rampaul,Royal Challengers Bangalore,30.5,176.9,2013,Royal Challengers Bengaluru
29,Australia,Kane Richardson,Pune Warriors India,61.0,427.0,2013,Pune Warriors India
30,New Zealand,Jesse Ryder,Delhi Capitals,61.0,158.6,2013,Delhi Capitals
31,Saint Lucia,Darren Sammy,Sunrisers Hyderabad,61.0,259.25,2013,Sunrisers Hyderabad
32,Sri Lanka,Sachithra Senanayake,Kolkata Knight Riders,30.5,381.25,2013,Kolkata Knight Riders
33,India,Pankaj Singh,Royal Challengers Bangalore,30.5,91.5,2013,Royal Challengers Bengaluru
34,India,R. P. Singh,Royal Challengers Bangalore,61.0,244.0,2013,Royal Challengers Bengaluru
35,India,Sudeep Tyagi,Sunrisers Hyderabad,61.0,61.0,2013,Sunrisers Hyderabad
36,India,Jaydev Unadkat,Royal Challengers Bangalore,61.0,320.25,2013,Royal Challengers Bengaluru
37,Australia,Mitchell Johnson,Punjab Kings,200.0,650,2014,Punjab Kings
38,South Africa,Jacques Kallis,Kolkata Knight Riders,200.0,550,2014,Kolkata Knight Riders
39,England,Kevin Pietersen,Delhi Capitals,200.0,900,2014,Delhi Capitals
40,India,Virender Sehwag,Punjab Kings,200.0,320,2014,Punjab Kings
41,India,Yuvraj Singh,Royal Challengers Bangalore,200.0,"1,400",2014,Royal Challengers Bengaluru
42,India,Murali Vijay,Delhi Capitals,200.0,500,2014,Delhi Capitals
43,Australia,David Warner,Sunrisers Hyderabad,150.0,550,2014,Sunrisers Hyderabad
44,Australia,George Bailey,Punjab Kings,200.0,325,2014,Punjab Kings
45,South Africa,Faf du Plessis,Chennai Super Kings,150.0,475,2014,Chennai Super Kings
46,Australia,Michael Hussey,Mumbai Indians,200.0,500,2014,Mumbai Indians
47,India,Dinesh Karthik,Delhi Capitals,200.0,"1,250",2014,Delhi Capitals
48,India,Zaheer Khan,Mumbai Indians,100.0,260,2014,Mumbai Indians
49,New Zealand,Brendon McCullum,Chennai Super Kings,200.0,325,2014,Chennai Super Kings
50,India,Amit Mishra,Sunrisers Hyderabad,200.0,475,2014,Sunrisers Hyderabad
51,Saint Lucia,Darren Sammy,Sunrisers Hyderabad,100.0,350,2014,Sunrisers Hyderabad
52,South Africa,Jean-Paul Duminy,Delhi Capitals,100.0,220,2014,Delhi Capitals
53,Australia,Aaron Finch,Sunrisers Hyderabad,100.0,400,2014,Sunrisers Hyderabad
54,Australia,Brad Hodge,Rajasthan Royals,200.0,240,2014,Rajasthan Royals
55,Australia,Shaun Marsh,Punjab Kings,200.0,220,2014,Punjab Kings
56,India,Cheteshwar Pujara,Punjab Kings,150.0,190,2014,Punjab Kings
57,Barbados,Dwayne Smith,Chennai Super Kings,150.0,450,2014,Chennai Super Kings
58,New Zealand,Ross Taylor,Delhi Capitals,200.0,200,2014,Delhi Capitals
59,India,Manoj Tiwary,Delhi Capitals,200.0,280,2014,Delhi Capitals
60,India,Robin Uthappa,Kolkata Knight Riders,200.0,500,2014,Kolkata Knight Riders
61,South Africa,Quinton de Kock,Delhi Capitals,100.0,350,2014,Delhi Capitals
62,India,Naman Ojha,Sunrisers Hyderabad,50.0,50,2014,Sunrisers Hyderabad
63,India,Parthiv Patel,Royal Challengers Bangalore,100.0,275,2014,Royal Challengers Bengaluru
64,India,Wriddhiman Saha,Punjab Kings,100.0,220,2014,Punjab Kings
65,Bangladesh,Shakib Al Hasan,Kolkata Knight Riders,100.0,280,2014,Kolkata Knight Riders
66,South Africa,Albie Morkel,Royal Challengers Bangalore,150.0,240,2014,Royal Challengers Bengaluru
67,India,Irfan Pathan,Sunrisers Hyderabad,150.0,240,2014,Sunrisers Hyderabad
68,India,Yusuf Pathan,Kolkata Knight Riders,200.0,325,2014,Kolkata Knight Riders
69,Sri Lanka,Thisara Perera,Punjab Kings,50.0,160,2014,Punjab Kings
70,Australia,Steve Smith,Rajasthan Royals,200.0,400,2014,Rajasthan Royals
71,India,Ashok Dinda,Royal Challengers Bangalore,100.0,150,2014,Royal Challengers Bengaluru
72,India,Bhuvneshwar Kumar,Sunrisers Hyderabad,150.0,425,2014,Sunrisers Hyderabad
73,South Africa,Morne Morkel,Kolkata Knight Riders,150.0,280,2014,Kolkata Knight Riders
74,Trinidad and Tobago,Ravi Rampaul,Royal Challengers Bangalore,50.0,90,2014,Royal Challengers Bengaluru
75,India,Mohammed Shami,Delhi Capitals,100.0,425,2014,Delhi Capitals
76,India,Ishant Sharma,Sunrisers Hyderabad,150.0,425,2014,Sunrisers Hyderabad
77,Australia,Mitchell Starc,Royal Challengers Bangalore,200.0,500,2014,Royal Challengers Bengaluru
78,India,Ranganath Vinay Kumar,Kolkata Knight Riders,150.0,280,2014,Kolkata Knight Riders
79,India,Umesh Yadav,Kolkata Knight Riders,100.0,260,2014,Kolkata Knight Riders
80,India,Piyush Chawla,Kolkata Knight Riders,50.0,425,2014,Kolkata Knight Riders
81,India,Murali Kartik,Punjab Kings,100.0,100,2014,Punjab Kings
82,Sri Lanka,Muttiah Muralitharan,Royal Challengers Bangalore,100.0,100,2014,Royal Challengers Bengaluru
83,India,Pragyan Ojha,Mumbai Indians,200.0,325,2014,Mumbai Indians
84,India,Rahul Sharma,Delhi Capitals,50.0,190,2014,Delhi Capitals
85,Australia,Nic Maddinson,Royal Challengers Bangalore,50.0,50,2014,Royal Challengers Bengaluru
86,India,Saurabh Tiwary,Delhi Capitals,50.0,70,2014,Delhi Capitals
87,Zimbabwe,Brendan Taylor,Sunrisers Hyderabad,30.0,30,2014,Sunrisers Hyderabad
88,New Zealand,Corey Anderson,Mumbai Indians,100.0,450,2014,Mumbai Indians
89,Australia,Moises Henriques,Sunrisers Hyderabad,100.0,100,2014,Sunrisers Hyderabad
90,Australia,Glenn Maxwell,Punjab Kings,100.0,600,2014,Punjab Kings
91,India,Abhishek Nayar,Rajasthan Royals,30.0,100,2014,Rajasthan Royals
92,India,Laxmi Ratan Shukla,Delhi Capitals,50.0,150,2014,Delhi Capitals
93,Jamaica,Andre Russell,Kolkata Knight Riders,50.0,60,2014,Kolkata Knight Riders
94,India,Varun Aaron,Royal Challengers Bangalore,150.0,200,2014,Royal Challengers Bengaluru
95,India,Parvinder Awana,Punjab Kings,50.0,65,2014,Punjab Kings
96,India,Lakshmipathy Balaji,Punjab Kings,50.0,180,2014,Punjab Kings
97,Australia,Nathan Coulter-Nile,Delhi Capitals,100.0,425,2014,Delhi Capitals
98,India,Ashish Nehra,Chennai Super Kings,200.0,200,2014,Chennai Super Kings
99,India,Mohit Sharma,Chennai Super Kings,100.0,200,2014,Chennai Super Kings
100,India,Jaydev Unadkat,Delhi Capitals,100.0,280,2014,Delhi Capitals
101,Trinidad and Tobago,Samuel Badree,Chennai Super Kings,30.0,30,2014,Chennai Super Kings
102,Australia,Chris Lynn,Kolkata Knight Riders,50.0,130,2014,Kolkata Knight Riders
103,India,Yalaka Venugopal Rao,Sunrisers Hyderabad,30.0,55,2014,Sunrisers Hyderabad
104,Australia,John Hastings,Chennai Super Kings,50.0,50,2014,Chennai Super Kings
105,New Zealand,James Neesham,Delhi Capitals,30.0,100,2014,Delhi Capitals
106,Australia,Ben Cutting,Rajasthan Royals,50.0,80,2014,Rajasthan Royals
107,Australia,Josh Hazlewood,Mumbai Indians,50.0,50,2014,Mumbai Indians
108,Australia,Ben Hilfenhaus,Chennai Super Kings,100.0,100,2014,Chennai Super Kings
109,Barbados,Jason Holder,Sunrisers Hyderabad,50.0,75,2014,Sunrisers Hyderabad
110,Australia,Kane Richardson,Rajasthan Royals,100.0,100,2014,Rajasthan Royals
111,New Zealand,Tim Southee,Rajasthan Royals,50.0,120,2014,Rajasthan Royals
112,Australia,Patrick Cummins,Kolkata Knight Riders,100.0,100,2014,Kolkata Knight Riders
113,South Africa,Wayne Parnell,Delhi Capitals,100.0,100,2014,Delhi Capitals
114,South Africa,Marchant de Lange,Mumbai Indians,30.0,30,2014,Mumbai Indians
115,Jamaica,Krishmar Santokie,Mumbai Indians,30.0,30,2014,Mumbai Indians
116,New Zealand,Matt Henry,Chennai Super Kings,30.0,30,2014,Chennai Super Kings
117,India,Mayank Agarwal,Delhi Capitals,10.0,160,2014,Delhi Capitals
118,India,Srikkanth Anirudha,Sunrisers Hyderabad,20.0,20,2014,Sunrisers Hyderabad
119,India,Baba Aparajith,Chennai Super Kings,10.0,10,2014,Chennai Super Kings
120,India,Unmukt Chand,Rajasthan Royals,30.0,65,2014,Rajasthan Royals
121,India,Kedar Jadhav,Delhi Capitals,30.0,200,2014,Delhi Capitals
122,India,Manprit Juneja,Sunrisers Hyderabad,10.0,10,2014,Sunrisers Hyderabad
123,India,Gurkeerat Singh,Punjab Kings,20.0,130,2014,Punjab Kings
124,India,Manish Pandey,Kolkata Knight Riders,20.0,170,2014,Kolkata Knight Riders
125,India,KL Rahul,Sunrisers Hyderabad,10.0,100,2014,Sunrisers Hyderabad
126,India,Suryakumar Yadav,Kolkata Knight Riders,20.0,70,2014,Kolkata Knight Riders
127,India,Vijay Zol,Royal Challengers Bangalore,30.0,30,2014,Royal Challengers Bengaluru
128,India,Ankush Bains,Rajasthan Royals,10.0,10,2014,Rajasthan Royals
129,India,Manvinder Bisla,Kolkata Knight Riders,30.0,60,2014,Kolkata Knight Riders
130,India,Debabrata Das,Kolkata Knight Riders,20.0,20,2014,Kolkata Knight Riders
131,Australia,Ben Dunk,Mumbai Indians,20.0,20,2014,Mumbai Indians
132,India,CM Gautam,Mumbai Indians,20.0,20,2014,Mumbai Indians
133,India,Sushant Marathe,Mumbai Indians,10.0,10,2014,Mumbai Indians
134,India,Yogesh Takawale,Royal Challengers Bangalore,10.0,10,2014,Royal Challengers Bengaluru
135,India,Aditya Tare,Mumbai Indians,20.0,160,2014,Mumbai Indians
136,India,Iqbal Abdullah,Rajasthan Royals,30.0,65,2014,Rajasthan Royals
137,India,Rajat Bhatia,Rajasthan Royals,30.0,170,2014,Rajasthan Royals
138,Trinidad and Tobago,Kevon Cooper,Rajasthan Royals,30.0,30,2014,Rajasthan Royals
139,India,Rishi Dhawan,Punjab Kings,20.0,300,2014,Punjab Kings
140,India,Mithun Manhas,Chennai Super Kings,30.0,30,2014,Chennai Super Kings
141,India,Parvez Rasool,Sunrisers Hyderabad,20.0,95,2014,Sunrisers Hyderabad
142,India,Mandeep Singh,Punjab Kings,30.0,80,2014,Punjab Kings
143,Netherlands,Ryan Ten Doeschate,Kolkata Knight Riders,100.0,100,2014,Kolkata Knight Riders
144,India,Abu Nechim Ahmed,Royal Challengers Bangalore,30.0,30,2014,Royal Challengers Bengaluru
145,India,Jasprit Bumrah,Mumbai Indians,20.0,120,2014,Mumbai Indians
146,India,Siddarth Kaul,Delhi Capitals,20.0,45,2014,Delhi Capitals
147,India,Dhawal Kulkarni,Rajasthan Royals,30.0,110,2014,Rajasthan Royals
148,India,Ishwar Pandey,Chennai Super Kings,10.0,150,2014,Chennai Super Kings
149,India,Prasanth Parameswaran,Sunrisers Hyderabad,30.0,30,2014,Sunrisers Hyderabad
150,India,Sandeep Sharma,Punjab Kings,30.0,85,2014,Punjab Kings
151,India,Rahul Shukla,Delhi Capitals,20.0,40,2014,Delhi Capitals
152,India,Anureet Singh,Punjab Kings,20.0,20,2014,Punjab Kings
153,India,Shreyas Gopal,Mumbai Indians,10.0,10,2014,Mumbai Indians
154,India,Shadab Jakati,Royal Challengers Bangalore,20.0,20,2014,Royal Challengers Bengaluru
155,India,Shahbaz Nadeem,Delhi Capitals,30.0,85,2014,Delhi Capitals
156,India,Pawan Negi,Chennai Super Kings,10.0,10,2014,Chennai Super Kings
157,India,Karn Sharma,Sunrisers Hyderabad,30.0,375,2014,Sunrisers Hyderabad
158,India,Yuzvendra Chahal,Royal Challengers Bangalore,10.0,10,2014,Royal Challengers Bengaluru
159,India,Kuldeep Yadav,Kolkata Knight Riders,10.0,40,2014,Kolkata Knight Riders
160,India,Pravin Tambe,Rajasthan Royals,10.0,10,2014,Rajasthan Royals
161,India,Karun Nair,Rajasthan Royals,10.0,75,2014,Rajasthan Royals
162,India,Apoorv Vijay Wankhade,Mumbai Indians,10.0,10,2014,Mumbai Indians
163,India,Amit Paunikar,Sunrisers Hyderabad,20.0,20,2014,Sunrisers Hyderabad
164,India,Dishant Yagnik,Rajasthan Royals,30.0,30,2014,Rajasthan Royals
165,India,Akshar Patel,Punjab Kings,20.0,75,2014,Punjab Kings
166,India,Jalaj Saxena,Mumbai Indians,20.0,90,2014,Mumbai Indians
167,India,Vijay Shankar,Chennai Super Kings,10.0,10,2014,Chennai Super Kings
168,South Africa,Beuran Hendricks,Punjab Kings,30.0,180,2014,Punjab Kings
169,India,Vikramjeet Malik,Rajasthan Royals,20.0,20,2014,Rajasthan Royals
170,India,Ronit More,Chennai Super Kings,10.0,10,2014,Chennai Super Kings
171,India,Harshal Patel,Royal Challengers Bangalore,30.0,40,2014,Royal Challengers Bengaluru
172,India,Veer Pratap Singh,Kolkata Knight Riders,20.0,40,2014,Kolkata Knight Riders
173,India,Ashish Reddy,Sunrisers Hyderabad,20.0,20,2014,Sunrisers Hyderabad
174,India,Pawan Suyal,Mumbai Indians,10.0,10,2014,Mumbai Indians
175,India,Sandeep Warrier,Royal Challengers Bangalore,10.0,10,2014,Royal Challengers Bengaluru
176,India,Ankit Nagendra Sharma,Rajasthan Royals,10.0,10,2014,Rajasthan Royals
177,India,Ricky Bhui,Sunrisers Hyderabad,10.0,10,2014,Sunrisers Hyderabad
178,India,Rahul Tewatia,Rajasthan Royals,10.0,10,2014,Rajasthan Royals
179,India,Jayant Yadav,Delhi Capitals,10.0,10,2014,Delhi Capitals
180,India,Amit Mishra,Rajasthan Royals,10.0,10,2014,Rajasthan Royals
181,India,Sachin Rana,Royal Challengers Bangalore,20.0,20,2014,Royal Challengers Bengaluru
182,India,HS Sharath,Delhi Capitals,10.0,10,2014,Delhi Capitals
183,India,Shivam Sharma,Punjab Kings,10.0,10,2014,Punjab Kings
184,India,Deepak Hooda,Rajasthan Royals,10.0,40,2014,Rajasthan Royals
185,India,Chama Milind,Sunrisers Hyderabad,10.0,10,2014,Sunrisers Hyderabad
186,India,Shardul Thakur,Punjab Kings,10.0,20,2014,Punjab Kings
187,India,Tanmay Mishra,Royal Challengers Bangalore,10.0,10,2014,Royal Challengers Bengaluru
188,India,Sayan Sekhar Mondal,Kolkata Knight Riders,10.0,10,2014,Kolkata Knight Riders
189,India,Karanveer Singh,Punjab Kings,10.0,10,2014,Punjab Kings
190,India,Milind Kumar,Delhi Capitals,10.0,10,2014,Delhi Capitals
191,Australia,Michael Hussey,Chennai Super Kings,150.0,150,2015,Chennai Super Kings
192,India,Irfan Pathan,Chennai Super Kings,150.0,150,2015,Chennai Super Kings
193,India,Rahul Sharma,Chennai Super Kings,30.0,30,2015,Chennai Super Kings
194,South Africa,Kyle Abbott,Chennai Super Kings,30.0,30,2015,Chennai Super Kings
195,Australia,Andrew Tye,Chennai Super Kings,20.0,20,2015,Chennai Super Kings
196,India,Pratyush Singh,Chennai Super Kings,10.0,10,2015,Chennai Super Kings
197,India,Ankush Bains,Chennai Super Kings,10.0,10,2015,Chennai Super Kings
198,India,Eklavya Dwivedi,Chennai Super Kings,10.0,10,2015,Chennai Super Kings
199,India,Yuvraj Singh,Delhi Capitals,200.0,1600,2015,Delhi Capitals
200,Sri Lanka,Angelo Mathews,Delhi Capitals,150.0,750,2015,Delhi Capitals
201,India,Zaheer Khan,Delhi Capitals,100.0,400,2015,Delhi Capitals
202,India,Amit Mishra,Delhi Capitals,10.0,350,2015,Delhi Capitals
203,India,Shreyas Iyer,Delhi Capitals,10.0,260,2015,Delhi Capitals
204,Australia,Gurinder Sandhu,Delhi Capitals,30.0,170,2015,Delhi Capitals
205,India,Jaydev Unadkat,Delhi Capitals,50.0,110,2015,Delhi Capitals
206,India,Domnic Joseph,Delhi Capitals,10.0,75,2015,Delhi Capitals
207,South Africa,Albie Morkel,Delhi Capitals,30.0,30,2015,Delhi Capitals
208,Australia,Marcus Stoinis,Delhi Capitals,20.0,25,2015,Delhi Capitals
209,India,CM Gautam,Delhi Capitals,20.0,20,2015,Delhi Capitals
210,India,Srikar Bharat,Delhi Capitals,10.0,10,2015,Delhi Capitals
211,India,KK Jiyas,Delhi Capitals,10.0,10,2015,Delhi Capitals
212,India,Murali Vijay,Punjab Kings,50.0,300,2015,Punjab Kings
213,India,Nikhil Naik,Punjab Kings,10.0,30,2015,Punjab Kings
214,India,Yogesh Golwalkar,Punjab Kings,10.0,10,2015,Punjab Kings
215,India,KC Cariappa,Kolkata Knight Riders,10.0,240,2015,Kolkata Knight Riders
216,New Zealand,James Neesham,Kolkata Knight Riders,30.0,50,2015,Kolkata Knight Riders
217,Australia,Brad Hogg,Kolkata Knight Riders,50.0,50,2015,Kolkata Knight Riders
218,India,Aditya Garhwal,Kolkata Knight Riders,10.0,25,2015,Kolkata Knight Riders
219,India,Sheldon Jackson,Kolkata Knight Riders,10.0,15,2015,Kolkata Knight Riders
220,India,Sumit Narwal,Kolkata Knight Riders,10.0,10,2015,Kolkata Knight Riders
221,India,Vaibhav Rawal,Kolkata Knight Riders,10.0,10,2015,Kolkata Knight Riders
222,Australia,Aaron Finch,Mumbai Indians,100.0,320,2015,Mumbai Indians
223,India,Pragyan Ojha,Mumbai Indians,50.0,50,2015,Mumbai Indians
224,India,Abhimanyu Mithun,Mumbai Indians,30.0,30,2015,Mumbai Indians
225,New Zealand,Mitchell McClenaghan,Mumbai Indians,30.0,30,2015,Mumbai Indians
226,Australia,Aiden Blizzard,Mumbai Indians,30.0,30,2015,Mumbai Indians
227,India,Hardik Pandya,Mumbai Indians,10.0,10,2015,Mumbai Indians
228,India,Akshay Wakhare,Mumbai Indians,10.0,10,2015,Mumbai Indians
229,India,Nitish Rana,Mumbai Indians,10.0,10,2015,Mumbai Indians
230,India,Siddhesh Lad,Mumbai Indians,10.0,10,2015,Mumbai Indians
231,India,Jagadeesha Suchith,Mumbai Indians,10.0,10,2015,Mumbai Indians
232,South Africa,Chris Morris,Rajasthan Royals,50.0,140,2015,Rajasthan Royals
233,South Africa,Rusty Theron,Rajasthan Royals,30.0,30,2015,Rajasthan Royals
234,India,Barinder Sran,Rajasthan Royals,10.0,10,2015,Rajasthan Royals
235,India,Dinesh Salunkhe,Rajasthan Royals,10.0,10,2015,Rajasthan Royals
236,India,Sagar Trivedi,Rajasthan Royals,10.0,10,2015,Rajasthan Royals
237,India,Pardeep Sahu,Rajasthan Royals,10.0,10,2015,Rajasthan Royals
238,India,Dinesh Karthik,Royal Challengers Bangalore,200.0,1050,2015,Royal Challengers Bengaluru
239,Saint Lucia,Darren Sammy,Royal Challengers Bangalore,100.0,280,2015,Royal Challengers Bengaluru
240,South Africa,David Wiese,Royal Challengers Bangalore,30.0,280,2015,Royal Challengers Bengaluru
241,Australia,Sean Abbott,Royal Challengers Bangalore,50.0,100,2015,Royal Challengers Bengaluru
242,New Zealand,Adam Milne,Royal Challengers Bangalore,30.0,70,2015,Royal Challengers Bengaluru
243,India,Sarfaraz Khan,Royal Challengers Bangalore,10.0,50,2015,Royal Challengers Bengaluru
244,India,Subramaniam Badrinath,Royal Challengers Bangalore,30.0,30,2015,Royal Challengers Bengaluru
245,India,Jalaj Saxena,Royal Challengers Bangalore,10.0,10,2015,Royal Challengers Bengaluru
246,India,Shishir Bhavane,Royal Challengers Bangalore,10.0,10,2015,Royal Challengers Bengaluru
247,New Zealand,Trent Boult,Sunrisers Hyderabad,50.0,380,2015,Sunrisers Hyderabad
248,India,Praveen Kumar,Sunrisers Hyderabad,50.0,220,2015,Sunrisers Hyderabad
249,England,Kevin Pietersen,Sunrisers Hyderabad,200.0,200,2015,Sunrisers Hyderabad
250,England,Eoin Morgan,Sunrisers Hyderabad,150.0,150,2015,Sunrisers Hyderabad
251,England,Ravi Bopara,Sunrisers Hyderabad,100.0,100,2015,Sunrisers Hyderabad
252,New Zealand,Kane Williamson,Sunrisers Hyderabad,50.0,60,2015,Sunrisers Hyderabad
253,India,Laxmi Ratan Shukla,Sunrisers Hyderabad,30.0,30,2015,Sunrisers Hyderabad
254,India,Padmanabhan Prasanth,Sunrisers Hyderabad,10.0,10,2015,Sunrisers Hyderabad
255,India,Hanuma Vihari,Sunrisers Hyderabad,10.0,10,2015,Sunrisers Hyderabad
256,India,Siddarth Kaul,Sunrisers Hyderabad,10.0,10,2015,Sunrisers Hyderabad
257,England,Kevin Pietersen,Rising Pune Supergiants,200.0,300,2016,Rising Pune Supergiants
258,Barbados,Dwayne Smith,Gujarat Lions,50.0,230,2016,Gujarat Lions
259,India,Ishant Sharma,Rising Pune Supergiants,200.0,380,2016,Rising Pune Supergiants
260,Australia,Shane Watson,Royal Challengers Bangalore,200.0,950,2016,Royal Challengers Bengaluru
261,India,Ashish Nehra,Sunrisers Hyderabad,200.0,550,2016,Sunrisers Hyderabad
262,India,Yuvraj Singh,Sunrisers Hyderabad,200.0,700,2016,Sunrisers Hyderabad
263,South Africa,Dale Steyn,Gujarat Lions,150.0,230,2016,Gujarat Lions
264,India,Sanju Samson,Delhi Capitals,200.0,420,2016,Delhi Capitals
265,England,Jos Buttler,Mumbai Indians,150.0,380,2016,Mumbai Indians
266,India,Dinesh Karthik,Gujarat Lions,200.0,230,2016,Gujarat Lions
267,India,Irfan Pathan,Rising Pune Supergiants,100.0,100,2016,Rising Pune Supergiants
268,South Africa,Chris Morris,Delhi Capitals,50.0,700,2016,Delhi Capitals
269,New Zealand,Colin Munro,Kolkata Knight Riders,30.0,30,2016,Kolkata Knight Riders
270,India,Stuart Binny,Royal Challengers Bangalore,200.0,200,2016,Royal Challengers Bengaluru
271,Australia,Mitchell Marsh,Rising Pune Supergiants,200.0,480,2016,Rising Pune Supergiants
272,India,Dhawal Kulkarni,Gujarat Lions,200.0,230,2016,Gujarat Lions
273,Australia,John Hastings,Kolkata Knight Riders,100.0,130,2016,Kolkata Knight Riders
274,India,Praveen Kumar,Gujarat Lions,50.0,350,2016,Gujarat Lions
275,New Zealand,Tim Southee,Mumbai Indians,100.0,250,2016,Mumbai Indians
276,India,Mohit Sharma,Punjab Kings,150.0,650,2016,Punjab Kings
277,Barbados,Carlos Brathwaite,Delhi Capitals,30.0,420,2016,Delhi Capitals
278,Australia,Marcus Stoinis,Punjab Kings,30.0,55,2016,Punjab Kings
279,Bangladesh,Mustafizur Rahman,Sunrisers Hyderabad,50.0,140,2016,Sunrisers Hyderabad
280,India,Jaydev Unadkat,Kolkata Knight Riders,30.0,160,2016,Kolkata Knight Riders
281,South Africa,Kyle Abbott,Punjab Kings,30.0,210,2016,Punjab Kings
282,India,Barinder Sran,Sunrisers Hyderabad,50.0,120,2016,Sunrisers Hyderabad
283,India,Abhimanyu Mithun,Sunrisers Hyderabad,30.0,30,2016,Sunrisers Hyderabad
284,India,R. P. Singh,Rising Pune Supergiants,30.0,30,2016,Rising Pune Supergiants
285,Australia,Travis Head,Royal Challengers Bangalore,30.0,50,2016,Royal Challengers Bengaluru
286,India,Sachin Baby,Royal Challengers Bangalore,10.0,10,2016,Royal Challengers Bengaluru
287,India,Karun Nair,Delhi Capitals,10.0,400,2016,Delhi Capitals
288,India,Paras Dogra,Gujarat Lions,10.0,400,2016,Gujarat Lions
289,India,Ishan Kishan,Gujarat Lions,10.0,35,2016,Gujarat Lions
290,India,Rishabh Pant,Delhi Capitals,10.0,190,2016,Delhi Capitals
291,India,Eklavya Dwivedi,Gujarat Lions,20.0,100,2016,Gujarat Lions
292,India,Aditya Tare,Sunrisers Hyderabad,20.0,120,2016,Sunrisers Hyderabad
293,India,Iqbal Abdulla,Royal Challengers Bangalore,10.0,10,2016,Royal Challengers Bengaluru
294,India,Deepak Hooda,Sunrisers Hyderabad,10.0,420,2016,Sunrisers Hyderabad
295,India,Ankit Sharma,Rising Pune Supergiants,10.0,10,2016,Rising Pune Supergiants
296,India,Pawan Negi,Delhi Capitals,30.0,850,2016,Delhi Capitals
297,India,Rajat Bhatia,Rising Pune Supergiants,30.0,60,2016,Rising Pune Supergiants
298,India,Pradeep Sangwan,Gujarat Lions,20.0,20,2016,Gujarat Lions
299,India,Nathu Singh,Mumbai Indians,10.0,320,2016,Mumbai Indians
300,India,Ishwar Pandey,Rising Pune Supergiants,20.0,20,2016,Rising Pune Supergiants
301,India,Ankit Rajpoot,Kolkata Knight Riders,10.0,150,2016,Kolkata Knight Riders
302,India,Pravin Tambe,Gujarat Lions,10.0,20,2016,Gujarat Lions
303,India,Shivil Kaushik,Gujarat Lions,10.0,10,2016,Gujarat Lions
304,India,Sarabjit Ladda,Gujarat Lions,10.0,10,2016,Gujarat Lions
305,India,Murugan Ashwin,Rising Pune Supergiants,10.0,450,2016,Rising Pune Supergiants
306,India,KC Cariappa,Punjab Kings,10.0,80,2016,Punjab Kings
307,Australia,Aaron Finch,Gujarat Lions,100.0,100,2016,Gujarat Lions
308,England,Sam Billings,Delhi Capitals,30.0,30,2016,Delhi Capitals
309,India,Tirumalasetti Suman,Sunrisers Hyderabad,10.0,10,2016,Sunrisers Hyderabad
310,India,Ankush Bains,Rising Pune Supergiants,10.0,10,2016,Rising Pune Supergiants
311,India,Umang Sharma,Gujarat Lions,10.0,10,2016,Gujarat Lions
312,Australia,Peter Handscomb,Rising Pune Supergiants,30.0,30,2016,Rising Pune Supergiants
313,India,Jitesh Sharma,Mumbai Indians,10.0,10,2016,Mumbai Indians
314,India,Armaan Jaffer,Punjab Kings,10.0,10,2016,Punjab Kings
315,Barbados,Jason Holder,Kolkata Knight Riders,50.0,70,2016,Kolkata Knight Riders
316,Sri Lanka,Thisara Perera,Rising Pune Supergiants,100.0,100,2016,Rising Pune Supergiants
317,Australia,Ben Cutting,Sunrisers Hyderabad,50.0,50,2016,Sunrisers Hyderabad
318,Australia,Andrew Tye,Gujarat Lions,30.0,50,2016,Gujarat Lions
319,India,Praveen Dubey,Royal Challengers Bangalore,10.0,35,2016,Royal Challengers Bengaluru
320,India,Rajagopal Sathish,Kolkata Knight Riders,20.0,20,2016,Kolkata Knight Riders
321,India,Vijay Shankar,Sunrisers Hyderabad,10.0,35,2016,Sunrisers Hyderabad
322,India,Shadab Jakati,Gujarat Lions,20.0,20,2016,Gujarat Lions
323,India,Akshay Karnewar,Royal Challengers Bangalore,10.0,10,2016,Royal Challengers Bengaluru
324,India,Akshdeep Nath,Gujarat Lions,10.0,10,2016,Gujarat Lions
325,India,Manan Sharma,Kolkata Knight Riders,10.0,10,2016,Kolkata Knight Riders
326,India,Baba Aparajith,Rising Pune Supergiants,10.0,10,2016,Rising Pune Supergiants
327,India,Deepak Chahar,Rising Pune Supergiants,10.0,10,2016,Rising Pune Supergiants
328,India,Kishore Kamath,Mumbai Indians,10.0,140,2016,Mumbai Indians
329,India,Pardeep Sahu,Punjab Kings,10.0,10,2016,Punjab Kings
330,India,Krunal Pandya,Mumbai Indians,10.0,200,2016,Mumbai Indians
331,India,Deepak Punia,Mumbai Indians,10.0,10,2016,Mumbai Indians
332,India,Swapnil Singh,Punjab Kings,10.0,10,2016,Punjab Kings
333,India,Khaleel Ahmed,Delhi Capitals,10.0,10,2016,Delhi Capitals
334,India,Jaydev Shah,Gujarat Lions,20.0,20,2016,Gujarat Lions
335,India,Pratyush Singh,Delhi Capitals,10.0,10,2016,Delhi Capitals
336,India,Ashok Dinda,Rising Pune Supergiants,50.0,50,2016,Rising Pune Supergiants
337,Australia,Kane Richardson,Royal Challengers Bangalore,200.0,200,2016,Royal Challengers Bengaluru
338,Trinidad and Tobago,Samuel Badree,Royal Challengers Bangalore,50.0,50,2016,Royal Challengers Bengaluru
339,Australia,Joel Paris,Delhi Capitals,30.0,30,2016,Delhi Capitals
340,Australia,Scott Boland,Rising Pune Supergiants,50.0,50,2016,Rising Pune Supergiants
341,India,Vikramjeet Malik,Royal Challengers Bangalore,20.0,20,2016,Royal Challengers Bengaluru
342,India,Pawan Suyal,Delhi Capitals,10.0,10,2016,Delhi Capitals
343,Australia,Adam Zampa,Rising Pune Supergiants,30.0,30,2016,Rising Pune Supergiants
344,India,Amit Mishra,Gujarat Lions,10.0,10,2016,Gujarat Lions
345,India,Jaskaran Singh,Rising Pune Supergiants,10.0,10,2016,Rising Pune Supergiants
346,India,Chama Milind,Delhi Capitals,10.0,10,2016,Delhi Capitals
347,India,Vikas Tokas,Royal Challengers Bangalore,10.0,10,2016,Royal Challengers Bengaluru
348,South Africa,Farhaan Behardien,Punjab Kings,30.0,30,2016,Punjab Kings
349,India,Akhil Herwadkar,Delhi Capitals,10.0,10,2016,Delhi Capitals
350,India,Mahipal Lomror,Delhi Capitals,10.0,10,2016,Delhi Capitals
351,England,Eoin Morgan,Punjab Kings,200.0,200,2017,Punjab Kings
352,India,Pawan Negi,Royal Challengers Bangalore,30.0,100,2017,Royal Challengers Bengaluru
353,Sri Lanka,Angelo Mathews,Delhi Capitals,200.0,200,2017,Delhi Capitals
354,England,Ben Stokes,Rising Pune Supergiants,200.0,1450,2017,Rising Pune Supergiants
355,New Zealand,Corey Anderson,Delhi Capitals,100.0,100,2017,Delhi Capitals
356,Trinidad and Tobago,Nicholas Pooran,Mumbai Indians,30.0,30,2017,Mumbai Indians
357,South Africa,Kagiso Rabada,Delhi Capitals,100.0,500,2017,Delhi Capitals
358,New Zealand,Trent Boult,Kolkata Knight Riders,150.0,500,2017,Kolkata Knight Riders
359,England,Tymal Mills,Royal Challengers Bangalore,50.0,1200,2017,Royal Challengers Bengaluru
360,Australia,Pat Cummins,Delhi Capitals,200.0,450,2017,Delhi Capitals
361,Australia,Mitchell Johnson,Mumbai Indians,200.0,200,2017,Mumbai Indians
362,India,Ankit Bawne,Delhi Capitals,10.0,10,2017,Delhi Capitals
363,India,Tanmay Agarwal,Sunrisers Hyderabad,10.0,10,2017,Sunrisers Hyderabad
364,Afghanistan,Mohammad Nabi,Sunrisers Hyderabad,30.0,30,2017,Sunrisers Hyderabad
365,India,K Gowtham,Mumbai Indians,10.0,200,2017,Mumbai Indians
366,India,Rahul Tewatia,Punjab Kings,10.0,25,2017,Punjab Kings
367,India,Aditya Tare,Delhi Capitals,20.0,25,2017,Delhi Capitals
368,India,Eklavya Dwivedi,Sunrisers Hyderabad,30.0,75,2017,Sunrisers Hyderabad
369,India,Aniket Choudhary,Royal Challengers Bangalore,10.0,200,2017,Royal Challengers Bengaluru
370,India,T Natarajan,Punjab Kings,10.0,300,2017,Punjab Kings
371,India,Nathu Singh,Gujarat Lions,30.0,50,2017,Gujarat Lions
372,India,Basil Thampi,Gujarat Lions,10.0,85,2017,Gujarat Lions
373,India,M Ashwin,Delhi Capitals,10.0,100,2017,Delhi Capitals
374,India,Tejas Baroka,Gujarat Lions,10.0,10,2017,Gujarat Lions
375,Afghanistan,Rashid Khan,Sunrisers Hyderabad,50.0,400,2017,Sunrisers Hyderabad
376,India,Pravin Tambe,Sunrisers Hyderabad,10.0,10,2017,Sunrisers Hyderabad
377,England,Chris Woakes,Kolkata Knight Riders,200.0,420,2017,Kolkata Knight Riders
378,India,Karn Sharma,Mumbai Indians,30.0,320,2017,Mumbai Indians
379,India,Rishi Dhawan,Kolkata Knight Riders,30.0,55,2017,Kolkata Knight Riders
380,New Zealand,Matt Henry,Punjab Kings,50.0,50,2017,Punjab Kings
381,India,Jaydev Unadkat,Rising Pune Supergiants,30.0,30,2017,Rising Pune Supergiants
382,India,Varun Aaron,Punjab Kings,30.0,280,2017,Punjab Kings
383,India,Manpreet Gony,Gujarat Lions,30.0,60,2017,Gujarat Lions
384,New Zealand,Martin Guptill,Punjab Kings,50.0,50,2017,Punjab Kings
385,England,Jason Roy,Gujarat Lions,100.0,100,2017,Gujarat Lions
386,India,Saurabh Tiwary,Mumbai Indians,30.0,30,2017,Mumbai Indians
387,England,Chris Jordan,Sunrisers Hyderabad,50.0,50,2017,Sunrisers Hyderabad
388,Australia,Nathan Coulter-Nile,Kolkata Knight Riders,100.0,350,2017,Kolkata Knight Riders
389,India,Praveen Dubey,Royal Challengers Bangalore,10.0,10,2017,Royal Challengers Bengaluru
390,India,Navdeep Saini,Delhi Capitals,10.0,10,2017,Delhi Capitals
391,Australia,Ben Laughlin,Sunrisers Hyderabad,30.0,30,2017,Sunrisers Hyderabad
392,Australia,Billy Stanlake,Royal Challengers Bangalore,30.0,30,2017,Royal Challengers Bengaluru
393,India,Mohammed Siraj,Sunrisers Hyderabad,20.0,260,2017,Sunrisers Hyderabad
394,India,Rahul Chahar,Rising Pune Supergiants,10.0,10,2017,Rising Pune Supergiants
395,India,Saurabh Kumar,Rising Pune Supergiants,10.0,10,2017,Rising Pune Supergiants
396,Sri Lanka,Asela Gunaratne,Mumbai Indians,30.0,30,2017,Mumbai Indians
397,Australia,Daniel Christian,Rising Pune Supergiants,100.0,100,2017,Rising Pune Supergiants
398,Jamaica,Rovman Powell,Kolkata Knight Riders,30.0,30,2017,Kolkata Knight Riders
399,Saint Lucia,Darren Sammy,Punjab Kings,30.0,30,2017,Punjab Kings
400,India,Munaf Patel,Gujarat Lions,30.0,30,2017,Gujarat Lions
401,India,Rinku Singh,Punjab Kings,10.0,10,2017,Punjab Kings
402,India,Shashank Singh,Delhi Capitals,10.0,10,2017,Delhi Capitals
403,India,Milind Tandon,Rising Pune Supergiants,10.0,10,2017,Rising Pune Supergiants
404,India,Kulwant Khejroliya,Mumbai Indians,10.0,10,2017,Mumbai Indians
405,United Arab Emirates,Chirag Suri,Gujarat Lions,10.0,10,2017,Gujarat Lions
406,India,R Sanjay Yadav,Kolkata Knight Riders,10.0,10,2017,Kolkata Knight Riders
407,India,Shelley Shaurya,Gujarat Lions,10.0,10,2017,Gujarat Lions
408,India,Shubham Agarwal,Gujarat Lions,10.0,10,2017,Gujarat Lions
409,India,Ishank Jaggi,Kolkata Knight Riders,10.0,10,2017,Kolkata Knight Riders
410,India,Rahul Tripathi,Rising Pune Supergiants,10.0,10,2017,Rising Pune Supergiants
411,India,Pratham Singh,Gujarat Lions,10.0,10,2017,Gujarat Lions
412,India,Akshdeep Nath,Gujarat Lions,10.0,10,2017,Gujarat Lions
413,New Zealand,Lockie Ferguson,Rising Pune Supergiants,50.0,50,2017,Rising Pune Supergiants
414,India,Manoj Tiwary,Rising Pune Supergiants,50.0,50,2017,Rising Pune Supergiants
415,Trinidad and Tobago,Darren Bravo,Kolkata Knight Riders,50.0,50,2017,Kolkata Knight Riders
416,India,Sayan Ghosh,Kolkata Knight Riders,10.0,10,2017,Kolkata Knight Riders
417,India,Shikhar Dhawan,Sunrisers Hyderabad,200.0,520,2018,Sunrisers Hyderabad
418,India,Ravichandran Ashwin,Punjab Kings,200.0,760,2018,Punjab Kings
419,Trinidad and Tobago,Kieron Pollard,Mumbai Indians,200.0,540,2018,Mumbai Indians
420,England,Ben Stokes,Rajasthan Royals,200.0,1250,2018,Rajasthan Royals
421,South Africa,Faf du Plessis,Chennai Super Kings,150.0,160,2018,Chennai Super Kings
422,India,Ajinkya Rahane,Rajasthan Royals,200.0,400,2018,Rajasthan Royals
423,Australia,Mitchell Starc,Kolkata Knight Riders,200.0,940,2018,Kolkata Knight Riders
424,India,Harbhajan Singh,Chennai Super Kings,200.0,200,2018,Chennai Super Kings
425,Bangladesh,Shakib Al Hasan,Sunrisers Hyderabad,100.0,200,2018,Sunrisers Hyderabad
426,Australia,Glenn Maxwell,Delhi Capitals,200.0,900,2018,Delhi Capitals
427,India,Gautam Gambhir,Delhi Capitals,200.0,280,2018,Delhi Capitals
428,Trinidad and Tobago,Dwayne Bravo,Chennai Super Kings,200.0,640,2018,Chennai Super Kings
429,New Zealand,Kane Williamson,Sunrisers Hyderabad,150.0,300,2018,Sunrisers Hyderabad
430,India,Yuvraj Singh,Punjab Kings,200.0,200,2018,Punjab Kings
431,India,Karun Nair,Punjab Kings,50.0,560,2018,Punjab Kings
432,India,KL Rahul,Punjab Kings,200.0,1100,2018,Punjab Kings
433,South Africa,David Miller,Punjab Kings,150.0,300,2018,Punjab Kings
434,Australia,Aaron Finch,Punjab Kings,150.0,620,2018,Punjab Kings
435,New Zealand,Brendon McCullum,Royal Challengers Bangalore,200.0,360,2018,Royal Challengers Bengaluru
436,England,Jason Roy,Delhi Capitals,150.0,150,2018,Delhi Capitals
437,Australia,Chris Lynn,Kolkata Knight Riders,200.0,960,2018,Kolkata Knight Riders
438,India,Manish Pandey,Sunrisers Hyderabad,100.0,1100,2018,Sunrisers Hyderabad
439,England,Chris Woakes,Royal Challengers Bangalore,200.0,740,2018,Royal Challengers Bengaluru
440,Barbados,Carlos Brathwaite,Sunrisers Hyderabad,100.0,200,2018,Sunrisers Hyderabad
441,Australia,Shane Watson,Chennai Super Kings,100.0,400,2018,Chennai Super Kings
442,India,Kedar Jadhav,Chennai Super Kings,200.0,780,2018,Chennai Super Kings
443,New Zealand,Colin de Grandhomme,Royal Challengers Bangalore,75.0,220,2018,Royal Challengers Bengaluru
444,India,Yusuf Pathan,Sunrisers Hyderabad,75.0,190,2018,Sunrisers Hyderabad
445,New Zealand,Colin Munro,Delhi Capitals,50.0,190,2018,Delhi Capitals
446,India,Stuart Binny,Rajasthan Royals,50.0,50,2018,Rajasthan Royals
447,Australia,Marcus Stoinis,Punjab Kings,200.0,620,2018,Punjab Kings
448,England,Moeen Ali,Royal Challengers Bangalore,150.0,170,2018,Royal Challengers Bengaluru
449,South Africa,Quinton de Kock,Royal Challengers Bangalore,200.0,280,2018,Royal Challengers Bengaluru
450,India,Wriddhiman Saha,Sunrisers Hyderabad,100.0,500,2018,Sunrisers Hyderabad
451,India,Dinesh Karthik,Kolkata Knight Riders,200.0,740,2018,Kolkata Knight Riders
452,India,Robin Uthappa,Kolkata Knight Riders,200.0,640,2018,Kolkata Knight Riders
453,India,Sanju Samson,Rajasthan Royals,100.0,800,2018,Rajasthan Royals
454,India,Ambati Rayudu,Chennai Super Kings,50.0,220,2018,Chennai Super Kings
455,England,Jos Buttler,Rajasthan Royals,150.0,440,2018,Rajasthan Royals
456,Bangladesh,Mustafizur Rahman,Mumbai Indians,100.0,220,2018,Mumbai Indians
457,Australia,Pat Cummins,Mumbai Indians,200.0,540,2018,Mumbai Indians
458,India,Umesh Yadav,Royal Challengers Bangalore,100.0,420,2018,Royal Challengers Bengaluru
459,India,Mohammed Shami,Delhi Capitals,100.0,300,2018,Delhi Capitals
460,South Africa,Kagiso Rabada,Delhi Capitals,150.0,420,2018,Delhi Capitals
461,India,Piyush Chawla,Kolkata Knight Riders,100.0,420,2018,Kolkata Knight Riders
462,South Africa,Imran Tahir,Chennai Super Kings,100.0,100,2018,Chennai Super Kings
463,India,Karn Sharma,Chennai Super Kings,200.0,500,2018,Chennai Super Kings
464,Afghanistan,Rashid Khan,Sunrisers Hyderabad,200.0,900,2018,Sunrisers Hyderabad
465,India,Amit Mishra,Delhi Capitals,150.0,400,2018,Delhi Capitals
466,India,Yuzvendra Chahal,Royal Challengers Bangalore,200.0,600,2018,Royal Challengers Bengaluru
467,India,Kuldeep Yadav,Kolkata Knight Riders,150.0,580,2018,Kolkata Knight Riders
468,India,Suryakumar Yadav,Mumbai Indians,30.0,320,2018,Mumbai Indians
469,India,Shubman Gill,Kolkata Knight Riders,20.0,180,2018,Kolkata Knight Riders
470,India,Ishank Jaggi,Kolkata Knight Riders,20.0,20,2018,Kolkata Knight Riders
471,India,Ricky Bhui,Sunrisers Hyderabad,20.0,20,2018,Sunrisers Hyderabad
472,India,Mayank Agarwal,Punjab Kings,20.0,100,2018,Punjab Kings
473,India,Rahul Tripathi,Rajasthan Royals,20.0,340,2018,Rajasthan Royals
474,India,Manan Vohra,Royal Challengers Bangalore,20.0,110,2018,Royal Challengers Bengaluru
475,India,Prithvi Shaw,Delhi Capitals,20.0,120,2018,Delhi Capitals
476,India,Rahul Tewatia,Delhi Capitals,20.0,300,2018,Delhi Capitals
477,India,Deepak Hooda,Sunrisers Hyderabad,40.0,360,2018,Sunrisers Hyderabad
478,India,Vijay Shankar,Delhi Capitals,40.0,320,2018,Delhi Capitals
479,India,Harshal Patel,Delhi Capitals,20.0,20,2018,Delhi Capitals
480,India,Kamlesh Nagarkoti,Kolkata Knight Riders,20.0,320,2018,Kolkata Knight Riders
481,India,Krunal Pandya,Mumbai Indians,40.0,880,2018,Mumbai Indians
482,India,Nitish Rana,Kolkata Knight Riders,20.0,340,2018,Kolkata Knight Riders
483,Australia,D'Arcy Short,Rajasthan Royals,20.0,400,2018,Rajasthan Royals
484,Barbados,Jofra Archer,Rajasthan Royals,40.0,720,2018,Rajasthan Royals
485,India,Ishan Kishan,Mumbai Indians,40.0,620,2018,Mumbai Indians
486,India,Kulwant Khejroliya,Royal Challengers Bangalore,20.0,85,2018,Royal Challengers Bengaluru
487,India,Siddharth Kaul,Sunrisers Hyderabad,30.0,380,2018,Sunrisers Hyderabad
488,India,T Natarajan,Sunrisers Hyderabad,40.0,40,2018,Sunrisers Hyderabad
489,India,Basil Thampi,Sunrisers Hyderabad,30.0,95,2018,Sunrisers Hyderabad
490,India,Aniket Choudhary,Royal Challengers Bangalore,30.0,30,2018,Royal Challengers Bengaluru
491,India,Khaleel Ahmed,Sunrisers Hyderabad,20.0,300,2018,Sunrisers Hyderabad
492,India,Navdeep Saini,Royal Challengers Bangalore,20.0,300,2018,Royal Challengers Bengaluru
493,India,Avesh Khan,Delhi Capitals,20.0,70,2018,Delhi Capitals
494,India,Ankit Rajpoot,Punjab Kings,30.0,300,2018,Punjab Kings
495,India,Rahul Chahar,Mumbai Indians,20.0,190,2018,Mumbai Indians
496,India,Shahbaz Nadeem,Delhi Capitals,40.0,320,2018,Delhi Capitals
497,India,Krishnappa Gowtham,Rajasthan Royals,20.0,620,2018,Rajasthan Royals
498,India,Murugan Ashwin,Royal Challengers Bangalore,20.0,220,2018,Royal Challengers Bengaluru
499,Trinidad and Tobago,Evin Lewis,Mumbai Indians,150.0,380,2018,Mumbai Indians
500,India,Saurabh Tiwary,Mumbai Indians,50.0,80,2018,Mumbai Indians
501,India,Mandeep Singh,Royal Challengers Bangalore,50.0,140,2018,Royal Challengers Bengaluru
502,India,Manoj Tiwary,Punjab Kings,50.0,100,2018,Punjab Kings
503,India,Washington Sundar,Royal Challengers Bangalore,150.0,320,2018,Royal Challengers Bengaluru
504,India,Pawan Negi,Royal Challengers Bangalore,50.0,100,2018,Royal Challengers Bengaluru
505,Australia,Daniel Christian,Delhi Capitals,100.0,150,2018,Delhi Capitals
506,India,Jayant Yadav,Delhi Capitals,50.0,50,2018,Delhi Capitals
507,India,Gurkeerat Singh,Delhi Capitals,50.0,75,2018,Delhi Capitals
508,Australia,Ben Cutting,Mumbai Indians,100.0,220,2018,Mumbai Indians
509,Afghanistan,Mohammad Nabi,Sunrisers Hyderabad,50.0,100,2018,Sunrisers Hyderabad
510,India,Dhawal Kulkarni,Rajasthan Royals,50.0,75,2018,Rajasthan Royals
511,India,Mohit Sharma,Punjab Kings,150.0,240,2018,Punjab Kings
512,India,Sandeep Sharma,Sunrisers Hyderabad,50.0,300,2018,Sunrisers Hyderabad
513,India,Vinay Kumar,Kolkata Knight Riders,100.0,100,2018,Kolkata Knight Riders
514,India,Mohammed Siraj,Royal Challengers Bangalore,100.0,260,2018,Royal Challengers Bengaluru
515,Australia,Nathan Coulter-Nile,Royal Challengers Bangalore,150.0,220,2018,Royal Challengers Bengaluru
516,India,Jaydev Unadkat,Rajasthan Royals,150.0,1150,2018,Rajasthan Royals
517,New Zealand,Trent Boult,Delhi Capitals,150.0,220,2018,Delhi Capitals
518,India,Shardul Thakur,Chennai Super Kings,75.0,260,2018,Chennai Super Kings
519,Afghanistan,Mujeeb Zadran,Punjab Kings,50.0,400,2018,Punjab Kings
520,India,Apoorv Wankhade,Kolkata Knight Riders,20.0,20,2018,Kolkata Knight Riders
521,India,Rinku Singh,Kolkata Knight Riders,20.0,80,2018,Kolkata Knight Riders
522,India,Sachin Baby,Sunrisers Hyderabad,20.0,20,2018,Sunrisers Hyderabad
523,India,Manjot Kalra,Delhi Capitals,20.0,20,2018,Delhi Capitals
524,India,Ankit Sharma,Rajasthan Royals,20.0,20,2018,Rajasthan Royals
525,India,Shivam Mavi,Kolkata Knight Riders,20.0,300,2018,Kolkata Knight Riders
526,India,Abhishek Sharma,Delhi Capitals,20.0,55,2018,Delhi Capitals
527,India,Pradeep Sangwan,Mumbai Indians,30.0,150,2018,Mumbai Indians
528,India,Anureet Singh,Rajasthan Royals,30.0,30,2018,Rajasthan Royals
529,India,Narayan Jagadeesan,Chennai Super Kings,20.0,20,2018,Chennai Super Kings
530,Afghanistan,Zahir Khan Pakteen,Rajasthan Royals,20.0,60,2018,Rajasthan Royals
531,South Africa,Jean-Paul Duminy,Mumbai Indians,100.0,100,2018,Mumbai Indians
532,England,Chris Jordan,Sunrisers Hyderabad,100.0,100,2018,Sunrisers Hyderabad
533,New Zealand,Mitchell Santner,Chennai Super Kings,50.0,50,2018,Chennai Super Kings
534,Australia,Jason Behrendorff,Mumbai Indians,100.0,150,2018,Mumbai Indians
535,India,Barinder Sran,Punjab Kings,50.0,220,2018,Punjab Kings
536,Australia,Billy Stanlake,Sunrisers Hyderabad,50.0,50,2018,Sunrisers Hyderabad
537,Australia,Andrew Tye,Punjab Kings,100.0,720,2018,Punjab Kings
538,India,Tanmay Agarwal,Sunrisers Hyderabad,20.0,20,2018,Sunrisers Hyderabad
539,India,Deepak Chahar,Chennai Super Kings,20.0,80,2018,Chennai Super Kings
540,South Africa,Cameron Delport,Kolkata Knight Riders,30.0,30,2018,Kolkata Knight Riders
541,India,Tajinder Singh,Mumbai Indians,20.0,55,2018,Mumbai Indians
542,India,Shreyas Gopal,Rajasthan Royals,20.0,20,2018,Rajasthan Royals
543,India,Akshdeep Nath,Punjab Kings,20.0,100,2018,Punjab Kings
544,India,Shreevats Goswami,Sunrisers Hyderabad,20.0,100,2018,Sunrisers Hyderabad
545,Australia,Ben Dwarshuis,Punjab Kings,20.0,140,2018,Punjab Kings
546,India,KM Asif,Chennai Super Kings,20.0,40,2018,Chennai Super Kings
547,Nepal,Sandeep Lamichhane,Delhi Capitals,20.0,20,2018,Delhi Capitals
548,South Africa,Lungisani Ngidi,Chennai Super Kings,50.0,50,2018,Chennai Super Kings
549,India,Sharad Lumba,Mumbai Indians,20.0,20,2018,Mumbai Indians
550,India,Kanishk Seth,Chennai Super Kings,20.0,20,2018,Chennai Super Kings
551,India,Dhruv Shorey,Chennai Super Kings,20.0,20,2018,Chennai Super Kings
552,India,Aniruddha Joshi,Royal Challengers Bangalore,20.0,20,2018,Royal Challengers Bengaluru
553,India,Sudhesan Midhun,Rajasthan Royals,20.0,20,2018,Rajasthan Royals
554,India,Murali Vijay,Chennai Super Kings,200.0,200,2018,Chennai Super Kings
555,England,Sam Billings,Chennai Super Kings,100.0,100,2018,Chennai Super Kings
556,India,Naman Ojha,Delhi Capitals,75.0,140,2018,Delhi Capitals
557,India,Parthiv Patel,Royal Challengers Bangalore,100.0,170,2018,Royal Challengers Bengaluru
558,Australia,Mitchell Johnson,Kolkata Knight Riders,200.0,200,2018,Kolkata Knight Riders
559,New Zealand,Tim Southee,Royal Challengers Bangalore,100.0,100,2018,Royal Challengers Bengaluru
560,India,Siddhesh Lad,Mumbai Indians,20.0,20,2018,Mumbai Indians
561,India,Prashant Chopra,Rajasthan Royals,20.0,20,2018,Rajasthan Royals
562,India,Aditya Tare,Mumbai Indians,20.0,20,2018,Mumbai Indians
563,India,Bipul Sharma,Sunrisers Hyderabad,20.0,20,2018,Sunrisers Hyderabad
564,India,Sayan Ghosh,Delhi Capitals,20.0,20,2018,Delhi Capitals
565,India,Mayank Markande,Mumbai Indians,20.0,20,2018,Mumbai Indians
566,Australia,Ben Laughlin,Rajasthan Royals,50.0,50,2018,Rajasthan Royals
567,Sri Lanka,Akila Dananjaya,Mumbai Indians,50.0,50,2018,Mumbai Indians
568,India,Pardeep Sahu,Punjab Kings,20.0,20,2018,Punjab Kings
569,India,Mayank Dagar,Punjab Kings,20.0,20,2018,Punjab Kings
570,India,Anukul Roy,Mumbai Indians,20.0,20,2018,Mumbai Indians
571,England,Mark Wood,Chennai Super Kings,150.0,150,2018,Chennai Super Kings
572,India,Mahipal Lomror,Rajasthan Royals,20.0,20,2018,Rajasthan Royals
573,India,Mohsin Khan,Mumbai Indians,20.0,20,2018,Mumbai Indians
574,India,Mehdi Hasan,Sunrisers Hyderabad,20.0,20,2018,Sunrisers Hyderabad
575,India,Kshitiz Sharma,Chennai Super Kings,20.0,20,2018,Chennai Super Kings
576,India,Monu Kumar,Chennai Super Kings,20.0,20,2018,Chennai Super Kings
577,India,Chaitanya Bishnoi,Chennai Super Kings,20.0,20,2018,Chennai Super Kings
578,India,Jatin Saxena,Rajasthan Royals,20.0,20,2018,Rajasthan Royals
579,India,Aryaman Birla,Rajasthan Royals,20.0,30,2018,Rajasthan Royals
580,India,Pavan Deshpande,Royal Challengers Bangalore,20.0,20,2018,Royal Challengers Bengaluru
581,Jamaica,Chris Gayle,Punjab Kings,200.0,200,2018,Punjab Kings
582,Sri Lanka,Dushmantha Chameera,Rajasthan Royals,50.0,50,2018,Rajasthan Royals
583,India,M. D. Nidheesh,Mumbai Indians,20.0,20,2018,Mumbai Indians
584,India,Manzoor Dar,Punjab Kings,20.0,20,2018,Punjab Kings
585,Barbados,Javon Searles,Kolkata Knight Riders,30.0,30,2018,Kolkata Knight Riders
586,India,Hanuma Vihari,Delhi Capitals,50.0,200,2019,Delhi Capitals
587,Guyana,Shimron Hetmyer,Royal Challengers Bangalore,50.0,420,2019,Royal Challengers Bengaluru
588,Barbados,Carlos Brathwaite,Kolkata Knight Riders,75.0,500,2019,Kolkata Knight Riders
589,India,Gurkeerat Singh,Royal Challengers Bangalore,50.0,50,2019,Royal Challengers Bengaluru
590,Australia,Moises Henriques,Punjab Kings,100.0,100,2019,Punjab Kings
591,India,Axar Patel,Delhi Capitals,100.0,500,2019,Delhi Capitals
592,England,Jonny Bairstow,Sunrisers Hyderabad,150.0,220,2019,Sunrisers Hyderabad
593,Trinidad and Tobago,Nicholas Pooran,Punjab Kings,75.0,420,2019,Punjab Kings
594,India,Wriddhiman Saha,Sunrisers Hyderabad,100.0,120,2019,Sunrisers Hyderabad
595,India,Jaydev Unadkat,Rajasthan Royals,150.0,840,2019,Rajasthan Royals
596,India,Ishant Sharma,Delhi Capitals,75.0,110,2019,Delhi Capitals
597,Sri Lanka,Lasith Malinga,Mumbai Indians,200.0,200,2019,Mumbai Indians
598,India,Mohammad Shami,Punjab Kings,100.0,480,2019,Punjab Kings
599,India,Varun Aaron,Rajasthan Royals,50.0,240,2019,Rajasthan Royals
600,India,Mohit Sharma,Chennai Super Kings,50.0,500,2019,Chennai Super Kings
601,India,Devdutt Padikkal,Royal Challengers Bangalore,20.0,20,2019,Royal Challengers Bengaluru
602,India,Anmolpreet Singh,Mumbai Indians,20.0,80,2019,Mumbai Indians
603,India,Sarfaraz Khan,Punjab Kings,20.0,25,2019,Punjab Kings
604,India,Shivam Dube,Royal Challengers Bangalore,20.0,500,2019,Royal Challengers Bengaluru
605,India,Varun Chakravarthy,Punjab Kings,20.0,840,2019,Punjab Kings
606,India,Ankush Bains,Delhi Capitals,20.0,20,2019,Delhi Capitals
607,India,Nathu Singh,Delhi Capitals,20.0,20,2019,Delhi Capitals
608,South Africa,Colin Ingram,Delhi Capitals,200.0,640,2019,Delhi Capitals
609,England,Sam Curran,Punjab Kings,200.0,720,2019,Punjab Kings
610,South Africa,Heinrich Klaasen,Royal Challengers Bangalore,50.0,50,2019,Royal Challengers Bengaluru
611,India,Barinder Sran,Mumbai Indians,50.0,340,2019,Mumbai Indians
612,New Zealand,Lockie Ferguson,Kolkata Knight Riders,100.0,160,2019,Kolkata Knight Riders
613,Guyana,Sherfane Rutherford,Delhi Capitals,40.0,200,2019,Delhi Capitals
614,South Africa,Anrich Nortje,Kolkata Knight Riders,20.0,20,2019,Kolkata Knight Riders
615,Jamaica,Oshane Thomas,Rajasthan Royals,50.0,110,2019,Rajasthan Royals
616,South Africa,Hardus Viljoen,Punjab Kings,75.0,75,2019,Punjab Kings
617,India,Himmat Singh,Royal Challengers Bangalore,20.0,65,2019,Royal Challengers Bengaluru
618,India,Nikhil Naik,Kolkata Knight Riders,20.0,20,2019,Kolkata Knight Riders
619,India,Arshdeep Singh,Punjab Kings,20.0,20,2019,Punjab Kings
620,England,Harry Gurney,Kolkata Knight Riders,75.0,75,2019,Kolkata Knight Riders
621,India,Pankaj Jaiswal,Mumbai Indians,20.0,20,2019,Mumbai Indians
622,India,Milind Kumar,Royal Challengers Bangalore,20.0,20,2019,Royal Challengers Bengaluru
623,India,Darshan Nalkande,Punjab Kings,20.0,30,2019,Punjab Kings
624,India,Shashank Singh,Rajasthan Royals,20.0,30,2019,Rajasthan Royals
625,India,Prab Simran Singh,Punjab Kings,20.0,480,2019,Punjab Kings
626,India,Rasikh Salam,Mumbai Indians,20.0,20,2019,Mumbai Indians
627,India,Prithvi Raj Yarra,Kolkata Knight Riders,20.0,20,2019,Kolkata Knight Riders
628,England,Liam Livingstone,Rajasthan Royals,50.0,50,2019,Rajasthan Royals
629,Guyana,Keemo Paul,Delhi Capitals,50.0,50,2019,Delhi Capitals
630,India,Prayas Ray Barman,Royal Challengers Bangalore,20.0,150,2019,Royal Challengers Bengaluru
631,India,Agnivesh Ayachi,Punjab Kings,20.0,20,2019,Punjab Kings
632,India,Harpreet Brar,Punjab Kings,20.0,20,2019,Punjab Kings
633,New Zealand,Martin Guptill,Sunrisers Hyderabad,100.0,100,2019,Sunrisers Hyderabad
634,India,Yuvraj Singh,Mumbai Indians,100.0,100,2019,Mumbai Indians
635,India,Akshdeep Nath,Royal Challengers Bangalore,20.0,360,2019,Royal Challengers Bengaluru
636,India,Jalaj Saxena,Delhi Capitals,20.0,20,2019,Delhi Capitals
637,India,Murugan Ashwin,Punjab Kings,20.0,20,2019,Punjab Kings
638,India,Ruturaj Gaikwad,Chennai Super Kings,20.0,20,2019,Chennai Super Kings
639,India,Shubham Ranjane,Rajasthan Royals,20.0,20,2019,Rajasthan Royals
640,England,Joe Denly,Kolkata Knight Riders,100.0,100,2019,Kolkata Knight Riders
641,India,Bandaru Ayyappa,Delhi Capitals,20.0,20,2019,Delhi Capitals
642,India,Shrikant Mundhe,Kolkata Knight Riders,20.0,20,2019,Kolkata Knight Riders
643,India,Manan Vohra,Rajasthan Royals,20.0,20,2019,Rajasthan Royals
644,Australia,Ashton Turner,Rajasthan Royals,50.0,50,2019,Rajasthan Royals
645,India,Riyan Parag,Rajasthan Royals,20.0,20,2019,Rajasthan Royals
646,Australia,Chris Lynn,Mumbai Indians,200.0,200,2020,Mumbai Indians
647,England,Eoin Morgan,Kolkata Knight Riders,200.0,525,2020,Kolkata Knight Riders
648,India,Robin Uthappa,Rajasthan Royals,150.0,300,2020,Rajasthan Royals
649,England,Jason Roy,Delhi Capitals,150.0,150,2020,Delhi Capitals
650,Australia,Aaron Finch,Royal Challengers Bangalore,100.0,440,2020,Royal Challengers Bengaluru
651,Australia,Glenn Maxwell,Punjab Kings,200.0,1075,2020,Punjab Kings
652,England,Chris Woakes,Delhi Capitals,150.0,150,2020,Delhi Capitals
653,Australia,Pat Cummins,Kolkata Knight Riders,200.0,1550,2020,Kolkata Knight Riders
654,England,Sam Curran,Chennai Super Kings,100.0,550,2020,Chennai Super Kings
655,South Africa,Chris Morris,Royal Challengers Bangalore,150.0,1000,2020,Royal Challengers Bengaluru
656,Australia,Alex Carey,Delhi Capitals,50.0,240,2020,Delhi Capitals
657,India,Jaydev Unadkat,Rajasthan Royals,100.0,300,2020,Rajasthan Royals
658,Australia,Nathan Coulter-Nile,Mumbai Indians,100.0,800,2020,Mumbai Indians
659,Jamaica,Sheldon Cottrell,Punjab Kings,50.0,850,2020,Punjab Kings
660,India,Piyush Chawla,Chennai Super Kings,100.0,675,2020,Chennai Super Kings
661,India,Rahul Tripathi,Kolkata Knight Riders,20.0,60,2020,Kolkata Knight Riders
662,India,Virat Singh,Sunrisers Hyderabad,20.0,190,2020,Sunrisers Hyderabad
663,India,Priyam Garg,Sunrisers Hyderabad,20.0,190,2020,Sunrisers Hyderabad
664,India,Deepak Hooda,Punjab Kings,40.0,50,2020,Punjab Kings
665,India,Varun Chakravarthy,Kolkata Knight Riders,30.0,400,2020,Kolkata Knight Riders
666,India,Yashasvi Jaiswal,Rajasthan Royals,20.0,240,2020,Rajasthan Royals
667,India,Anuj Rawat,Rajasthan Royals,20.0,80,2020,Rajasthan Royals
668,India,Akash Singh,Rajasthan Royals,20.0,20,2020,Rajasthan Royals
669,India,Kartik Tyagi,Rajasthan Royals,20.0,130,2020,Rajasthan Royals
670,India,Ishan Porel,Punjab Kings,20.0,20,2020,Punjab Kings
671,India,M Siddharth,Kolkata Knight Riders,20.0,20,2020,Kolkata Knight Riders
672,India,Ravi Bishnoi,Punjab Kings,20.0,200,2020,Punjab Kings
673,Guyana,Shimron Hetmyer,Delhi Capitals,50.0,775,2020,Delhi Capitals
674,South Africa,David Miller,Rajasthan Royals,75.0,75,2020,Rajasthan Royals
675,India,Saurabh Tiwary,Mumbai Indians,50.0,50,2020,Mumbai Indians
676,Australia,Mitchell Marsh,Sunrisers Hyderabad,200.0,200,2020,Sunrisers Hyderabad
677,New Zealand,James Neesham,Punjab Kings,50.0,50,2020,Punjab Kings
678,Australia,Josh Hazlewood,Chennai Super Kings,200.0,200,2020,Chennai Super Kings
679,India,Bavanaka Sandeep,Sunrisers Hyderabad,20.0,20,2020,Sunrisers Hyderabad
680,Australia,Chris Green,Kolkata Knight Riders,20.0,20,2020,Kolkata Knight Riders
681,Australia,Josh Philippe,Royal Challengers Bangalore,20.0,20,2020,Royal Challengers Bengaluru
682,India,Mohsin Khan,Mumbai Indians,20.0,20,2020,Mumbai Indians
683,England,Tom Banton,Kolkata Knight Riders,100.0,100,2020,Kolkata Knight Riders
684,Jamaica,Fabian Allen,Sunrisers Hyderabad,50.0,50,2020,Sunrisers Hyderabad
685,England,Chris Jordan,Punjab Kings,75.0,300,2020,Punjab Kings
686,Australia,Kane Richardson,Royal Challengers Bangalore,150.0,400,2020,Royal Challengers Bengaluru
687,Jamaica,Oshane Thomas,Rajasthan Royals,50.0,50,2020,Rajasthan Royals
688,India,Pravin Tambe,Kolkata Knight Riders,20.0,20,2020,Kolkata Knight Riders
689,India,Tajinder Singh Dhillon,Punjab Kings,20.0,20,2020,Punjab Kings
690,India,Abdul Samad,Sunrisers Hyderabad,20.0,20,2020,Sunrisers Hyderabad
691,India,Aniruddha Joshi,Rajasthan Royals,20.0,20,2020,Rajasthan Royals
692,India,Digvijay Deshmukh,Mumbai Indians,20.0,20,2020,Mumbai Indians
693,India,Prince Balwant Rai,Mumbai Indians,20.0,20,2020,Mumbai Indians
694,India,Sanjay Yadav,Sunrisers Hyderabad,20.0,20,2020,Sunrisers Hyderabad
695,India,Mohit Sharma,Delhi Capitals,50.0,50,2020,Delhi Capitals
696,India,Pavan Deshpande,Royal Challengers Bangalore,20.0,20,2020,Royal Challengers Bengaluru
697,India,Prab Simran Singh,Punjab Kings,20.0,55,2020,Punjab Kings
698,India,Tushar Deshpande,Delhi Capitals,20.0,20,2020,Delhi Capitals
699,India,R Sai Kishore,Chennai Super Kings,20.0,20,2020,Chennai Super Kings
700,Australia,Marcus Stoinis,Delhi Capitals,100.0,480,2020,Delhi Capitals
701,South Africa,Dale Steyn,Royal Challengers Bangalore,200.0,200,2020,Royal Challengers Bengaluru
702,Australia,Andrew Tye,Rajasthan Royals,100.0,100,2020,Rajasthan Royals
703,India,Lalit Yadav,Delhi Capitals,20.0,20,2020,Delhi Capitals
704,India,Shahbaz Ahmed,Royal Challengers Bangalore,20.0,20,2020,Royal Challengers Bengaluru
705,India,Nikhil Naik,Kolkata Knight Riders,20.0,20,2020,Kolkata Knight Riders
706,England,Tom Curran,Rajasthan Royals,100.0,100,2020,Rajasthan Royals
707,Sri Lanka,Isuru Udana,Royal Challengers Bangalore,50.0,50,2020,Royal Challengers Bengaluru
708,Australia,Steve Smith,Delhi Capitals,200.0,220,2021,Delhi Capitals
709,Australia,Glenn Maxwell,Royal Challengers Bangalore,200.0,1425,2021,Royal Challengers Bengaluru
710,Bangladesh,Shakib Al Hasan,Kolkata Knight Riders,200.0,320,2021,Kolkata Knight Riders
711,England,Moeen Ali,Chennai Super Kings,200.0,700,2021,Chennai Super Kings
712,India,Shivam Dube,Rajasthan Royals,50.0,440,2021,Rajasthan Royals
713,South Africa,Chris Morris,Rajasthan Royals,75.0,1625,2021,Rajasthan Royals
714,England,Dawid Malan,Punjab Kings,150.0,150,2021,Punjab Kings
715,New Zealand,Adam Milne,Mumbai Indians,50.0,320,2021,Mumbai Indians
716,Bangladesh,Mustafizur Rahman,Rajasthan Royals,100.0,100,2021,Rajasthan Royals
717,Australia,Jhye Richardson,Punjab Kings,150.0,1400,2021,Punjab Kings
718,Australia,Nathan Coulter-Nile,Mumbai Indians,150.0,500,2021,Mumbai Indians
719,India,Umesh Yadav,Delhi Capitals,100.0,100,2021,Delhi Capitals
720,India,Piyush Chawla,Mumbai Indians,50.0,240,2021,Mumbai Indians
721,India,Sachin Baby,Royal Challengers Bangalore,20.0,20,2021,Royal Challengers Bengaluru
722,India,Rajat Patidar,Royal Challengers Bangalore,20.0,20,2021,Royal Challengers Bengaluru
723,India,Ripal Patel,Delhi Capitals,20.0,20,2021,Delhi Capitals
724,India,Shahrukh Khan,Punjab Kings,20.0,525,2021,Punjab Kings
725,India,Krishnappa Gowtham,Chennai Super Kings,20.0,925,2021,Chennai Super Kings
726,India,Vishnu Vinod,Delhi Capitals,20.0,20,2021,Delhi Capitals
727,India,Sheldon Jackson,Kolkata Knight Riders,20.0,20,2021,Kolkata Knight Riders
728,India,Mohammed Azharuddeen,Royal Challengers Bangalore,20.0,20,2021,Royal Challengers Bengaluru
729,India,Lukman Hussain Meriwala,Delhi Capitals,20.0,20,2021,Delhi Capitals
730,India,Chetan Sakariya,Rajasthan Royals,20.0,120,2021,Rajasthan Royals
731,Australia,Riley Meredith,Punjab Kings,40.0,800,2021,Punjab Kings
732,India,Manimaran Siddharth,Delhi Capitals,20.0,20,2021,Delhi Capitals
733,India,Jagadeesha Suchith,Sunrisers Hyderabad,20.0,30,2021,Sunrisers Hyderabad
734,India,K. C. Cariappa,Rajasthan Royals,20.0,20,2021,Rajasthan Royals
735,India,Cheteshwar Pujara,Chennai Super Kings,50.0,50,2021,Chennai Super Kings
736,New Zealand,Kyle Jamieson,Royal Challengers Bangalore,75.0,1500,2021,Royal Challengers Bengaluru
737,England,Tom Curran,Delhi Capitals,150.0,525,2021,Delhi Capitals
738,Australia,Moises Henriques,Punjab Kings,100.0,420,2021,Punjab Kings
739,India,Jalaj Saxena,Punjab Kings,20.0,30,2021,Punjab Kings
740,India,Utkarsh Singh,Punjab Kings,20.0,20,2021,Punjab Kings
741,India,Vaibhav Arora,Kolkata Knight Riders,20.0,20,2021,Kolkata Knight Riders
742,Jamaica,Fabian Allen,Punjab Kings,75.0,75,2021,Punjab Kings
743,Australia,Dan Christian,Royal Challengers Bangalore,75.0,480,2021,Royal Challengers Bengaluru
744,England,Liam Livingstone,Rajasthan Royals,75.0,75,2021,Rajasthan Royals
745,India,Suyash Prabhudessai,Royal Challengers Bangalore,20.0,20,2021,Royal Challengers Bengaluru
746,India,Kona Srikar Bharat,Royal Challengers Bangalore,20.0,20,2021,Royal Challengers Bengaluru
747,India,Harishankar Reddy,Chennai Super Kings,20.0,20,2021,Chennai Super Kings
748,India,Kuldip Yadav,Rajasthan Royals,20.0,20,2021,Rajasthan Royals
749,New Zealand,James Neesham,Mumbai Indians,50.0,50,2021,Mumbai Indians
750,India,Yudhvir Charak,Mumbai Indians,20.0,20,2021,Mumbai Indians
751,India,Bhagath Varma,Chennai Super Kings,20.0,20,2021,Chennai Super Kings
752,South Africa,Marco Jansen,Mumbai Indians,20.0,20,2021,Mumbai Indians
753,India,Saurabh Kumar,Punjab Kings,20.0,20,2021,Punjab Kings
754,India,Karun Nair,Kolkata Knight Riders,50.0,50,2021,Kolkata Knight Riders
755,India,Kedar Jadhav,Sunrisers Hyderabad,200.0,200,2021,Sunrisers Hyderabad
756,England,Sam Billings,Delhi Capitals,200.0,200,2021,Delhi Capitals
757,Afghanistan,Mujeeb Ur Rahman,Sunrisers Hyderabad,150.0,150,2021,Sunrisers Hyderabad
758,India,Harbhajan Singh,Kolkata Knight Riders,200.0,200,2021,Kolkata Knight Riders
759,India,Chezhian Harinishanth,Chennai Super Kings,20.0,20,2021,Chennai Super Kings
760,Australia,Ben Cutting,Kolkata Knight Riders,75.0,75,2021,Kolkata Knight Riders
761,India,Venkatesh Iyer,Kolkata Knight Riders,20.0,20,2021,Kolkata Knight Riders
762,India,Pawan Negi,Kolkata Knight Riders,50.0,50,2021,Kolkata Knight Riders
763,India,Akash Singh,Rajasthan Royals,20.0,20,2021,Rajasthan Royals
764,India,Arjun Tendulkar,Mumbai Indians,20.0,20,2021,Mumbai Indians
765, India,Shikhar Dhawan,Punjab Kings,200.0,825,2022,Punjab Kings
766, India,Ravichandran Ashwin,Rajasthan Royals,200.0,500,2022,Rajasthan Royals
767, Australia,Pat Cummins,Kolkata Knight Riders,200.0,725,2022,Kolkata Knight Riders
768, South Africa,Kagiso Rabada,Punjab Kings,200.0,925,2022,Punjab Kings
769, New Zealand,Trent Boult,Rajasthan Royals,200.0,800,2022,Rajasthan Royals
770, India,Shreyas Iyer,Kolkata Knight Riders,200.0,1225,2022,Kolkata Knight Riders
771, India,Mohammed Shami,Gujarat Titans,200.0,625,2022,Gujarat Titans
772, South Africa,Faf du Plessis,Royal Challengers Bangalore,200.0,700,2022,Royal Challengers Bengaluru
773, South Africa,Quinton de Kock,Lucknow Super Giants,200.0,675,2022,Lucknow Super Giants
774, Australia,David Warner,Delhi Capitals,200.0,625,2022,Delhi Capitals
775, India,Manish Pandey,Lucknow Super Giants,150.0,460,2022,Lucknow Super Giants
776, West Indies,Shimron Hetmyer,Rajasthan Royals,150.0,850,2022,Rajasthan Royals
777, India,Robin Uthappa,Chennai Super Kings,200.0,200,2022,Chennai Super Kings
778, England,Jason Roy,Gujarat Titans,200.0,200,2022,Gujarat Titans
779, India,Devdutt Padikkal,Rajasthan Royals,150.0,775,2022,Rajasthan Royals
780, West Indies,Dwayne Bravo,Chennai Super Kings,150.0,440,2022,Chennai Super Kings
781, India,Nitish Rana,Kolkata Knight Riders,150.0,800,2022,Kolkata Knight Riders
782, West Indies,Jason Holder,Lucknow Super Giants,150.0,875,2022,Lucknow Super Giants
783, India,Harshal Patel,Royal Challengers Bangalore,150.0,1075,2022,Royal Challengers Bengaluru
784, India,Deepak Hooda,Lucknow Super Giants,75.0,575,2022,Lucknow Super Giants
785, Sri Lanka,Wanindu Hasaranga,Royal Challengers Bangalore,100.0,1075,2022,Royal Challengers Bengaluru
786, India,Washington Sundar,Sunrisers Hyderabad,150.0,875,2022,Sunrisers Hyderabad
787, India,Krunal Pandya,Lucknow Super Giants,200.0,825,2022,Lucknow Super Giants
788, Australia,Mitchell Marsh,Delhi Capitals,200.0,650,2022,Delhi Capitals
789, India,Ambati Rayudu,Chennai Super Kings,200.0,675,2022,Chennai Super Kings
790, India,Ishan Kishan,Mumbai Indians,150.0,1525,2022,Mumbai Indians
791, England,Jonny Bairstow,Punjab Kings,100.0,675,2022,Punjab Kings
792, India,Dinesh Karthik,Royal Challengers Bangalore,200.0,550,2022,Royal Challengers Bengaluru
793, West Indies,Nicholas Pooran,Sunrisers Hyderabad,150.0,1075,2022,Sunrisers Hyderabad
794, India,T. Natarajan,Sunrisers Hyderabad,100.0,400,2022,Sunrisers Hyderabad
795, India,Deepak Chahar,Chennai Super Kings,200.0,1400,2022,Chennai Super Kings
796, India,Prasidh Krishna,Rajasthan Royals,100.0,1000,2022,Rajasthan Royals
797, New Zealand,Lockie Ferguson,Gujarat Titans,200.0,1000,2022,Gujarat Titans
798, Australia,Josh Hazlewood,Royal Challengers Bangalore,150.0,775,2022,Royal Challengers Bengaluru
799, England,Mark Wood,Lucknow Super Giants,200.0,750,2022,Lucknow Super Giants
800, India,Bhuvneshwar Kumar,Sunrisers Hyderabad,200.0,420,2022,Sunrisers Hyderabad
801, India,Shardul Thakur,Delhi Capitals,200.0,1075,2022,Delhi Capitals
802, Bangladesh,Mustafizur Rahman,Delhi Capitals,200.0,200,2022,Delhi Capitals
803, India,Kuldeep Yadav,Delhi Capitals,100.0,200,2022,Delhi Capitals
804, India,Rahul Chahar,Punjab Kings,75.0,525,2022,Punjab Kings
805, India,Yuzvendra Chahal,Rajasthan Royals,200.0,650,2022,Rajasthan Royals
806, India,Priyam Garg,Sunrisers Hyderabad,20.0,20,2022,Sunrisers Hyderabad
807, India,Abhinav Manohar Sadarangani,Gujarat Titans,20.0,260,2022,Gujarat Titans
808, South Africa,Dewald Brevis,Mumbai Indians,20.0,300,2022,Mumbai Indians
809, India,Ashwin Hebbar,Delhi Capitals,20.0,20,2022,Delhi Capitals
810, India,Rahul Tripathi,Sunrisers Hyderabad,40.0,850,2022,Sunrisers Hyderabad
811, India,Riyan Parag,Rajasthan Royals,30.0,380,2022,Rajasthan Royals
812, India,Abhishek Sharma,Sunrisers Hyderabad,20.0,650,2022,Sunrisers Hyderabad
813, India,Sarfaraz Khan,Delhi Capitals,20.0,20,2022,Delhi Capitals
814, India,M. Shahrukh Khan,Punjab Kings,40.0,900,2022,Punjab Kings
815, India,Shivam Mavi,Kolkata Knight Riders,40.0,725,2022,Kolkata Knight Riders
816, India,Rahul Tewatia,Gujarat Titans,40.0,900,2022,Gujarat Titans
817, India,Kamlesh Nagarkoti,Delhi Capitals,40.0,110,2022,Delhi Capitals
818, India,Harpreet Brar,Punjab Kings,20.0,380,2022,Punjab Kings
819, India,Shahbaz Ahmed,Royal Challengers Bangalore,30.0,240,2022,Royal Challengers Bengaluru
820, India,K. S. Bharat,Delhi Capitals,20.0,200,2022,Delhi Capitals
821, India,Anuj Rawat,Royal Challengers Bangalore,20.0,340,2022,Royal Challengers Bengaluru
822, India,Prabhsimran Singh,Punjab Kings,20.0,60,2022,Punjab Kings
823, India,Sheldon Jackson,Kolkata Knight Riders,30.0,60,2022,Kolkata Knight Riders
824, India,Jitesh Sharma,Punjab Kings,20.0,20,2022,Punjab Kings
825, India,Basil Thampi,Mumbai Indians,30.0,30,2022,Mumbai Indians
826, India,Kartik Tyagi,Sunrisers Hyderabad,20.0,400,2022,Sunrisers Hyderabad
827, India,Akash Deep,Royal Challengers Bangalore,20.0,20,2022,Royal Challengers Bengaluru
828, India,KM Asif,Chennai Super Kings,20.0,20,2022,Chennai Super Kings
829, India,Avesh Khan,Lucknow Super Giants,20.0,1000,2022,Lucknow Super Giants
830, India,Ishan Porel,Punjab Kings,20.0,25,2022,Punjab Kings
831, India,Tushar Deshpande,Chennai Super Kings,20.0,20,2022,Chennai Super Kings
832, India,Ankit Rajpoot,Lucknow Super Giants,20.0,50,2022,Lucknow Super Giants
833, Afghanistan,Noor Ahmad,Gujarat Titans,30.0,30,2022,Gujarat Titans
834, India,Murugan Ashwin,Mumbai Indians,20.0,160,2022,Mumbai Indians
835, India,K. C. Cariappa,Rajasthan Royals,20.0,30,2022,Rajasthan Royals
836, India,Shreyas Gopal,Sunrisers Hyderabad,20.0,75,2022,Sunrisers Hyderabad
837, India,Jagadeesha Suchith,Sunrisers Hyderabad,20.0,20,2022,Sunrisers Hyderabad
838, India,Ravisrinivasan Sai Kishore,Gujarat Titans,20.0,300,2022,Gujarat Titans
839, South Africa,Aiden Markram,Sunrisers Hyderabad,100.0,260,2022,Sunrisers Hyderabad
840, India,Ajinkya Rahane,Kolkata Knight Riders,100.0,100,2022,Kolkata Knight Riders
841, India,Mandeep Singh,Delhi Capitals,50.0,110,2022,Delhi Capitals
842, England,Liam Livingstone,Punjab Kings,100.0,1150,2022,Punjab Kings
843, West Indies,Dominic Drakes,Gujarat Titans,75.0,110,2022,Gujarat Titans
844, India,Jayant Yadav,Gujarat Titans,100.0,170,2022,Gujarat Titans
845, India,Vijay Shankar,Gujarat Titans,50.0,140,2022,Gujarat Titans
846, West Indies,Odean Smith,Punjab Kings,100.0,600,2022,Punjab Kings
847, South Africa,Marco Jansen,Sunrisers Hyderabad,50.0,420,2022,Sunrisers Hyderabad
848, India,Shivam Dube,Chennai Super Kings,50.0,400,2022,Chennai Super Kings
849, India,Krishnappa Gowtham,Lucknow Super Giants,50.0,90,2022,Lucknow Super Giants
850, India,Khaleel Ahmed,Delhi Capitals,50.0,525,2022,Delhi Capitals
851, Sri Lanka,Dushmantha Chameera,Lucknow Super Giants,50.0,200,2022,Lucknow Super Giants
852, India,Chetan Sakariya,Delhi Capitals,50.0,420,2022,Delhi Capitals
853, India,Sandeep Sharma,Punjab Kings,50.0,50,2022,Punjab Kings
854, India,Navdeep Saini,Rajasthan Royals,75.0,260,2022,Rajasthan Royals
855, India,Jaydev Unadkat,Mumbai Indians,75.0,130,2022,Mumbai Indians
856, India,Mayank Markande,Mumbai Indians,50.0,65,2022,Mumbai Indians
857, India,Shahbaz Nadeem,Lucknow Super Giants,50.0,50,2022,Lucknow Super Giants
858, Sri Lanka,Maheesh Theekshana,Chennai Super Kings,50.0,70,2022,Chennai Super Kings
859, India,Rinku Singh,Kolkata Knight Riders,20.0,55,2022,Kolkata Knight Riders
860, India,Manan Vohra,Lucknow Super Giants,20.0,20,2022,Lucknow Super Giants
861, India,Lalit Yadav,Delhi Capitals,20.0,65,2022,Delhi Capitals
862, India,Ripal Patel,Delhi Capitals,20.0,20,2022,Delhi Capitals
863, India,Yash Dhull,Delhi Capitals,20.0,50,2022,Delhi Capitals
864, India,Tilak Varma,Mumbai Indians,20.0,170,2022,Mumbai Indians
865, India,Mahipal Lomror,Royal Challengers Bangalore,40.0,95,2022,Royal Challengers Bengaluru
866, India,Anukul Roy,Kolkata Knight Riders,20.0,20,2022,Kolkata Knight Riders
867, India,Darshan Nalkande,Gujarat Titans,20.0,20,2022,Gujarat Titans
868, India,R. Sanjay Yadav,Mumbai Indians,20.0,50,2022,Mumbai Indians
869, India,Raj Angad Bawa,Punjab Kings,20.0,200,2022,Punjab Kings
870, India,Rajvardhan Hangargekar,Chennai Super Kings,30.0,150,2022,Chennai Super Kings
871, India,Yash Dayal,Gujarat Titans,20.0,320,2022,Gujarat Titans
872, India,Simarjeet Singh,Chennai Super Kings,20.0,20,2022,Chennai Super Kings
873, New Zealand,Finn Allen,Royal Challengers Bangalore,50.0,80,2022,Royal Challengers Bengaluru
874, New Zealand,Devon Conway,Chennai Super Kings,100.0,100,2022,Chennai Super Kings
875, West Indies,Rovman Powell,Delhi Capitals,75.0,280,2022,Delhi Capitals
876, England,Jofra Archer,Mumbai Indians,200.0,800,2022,Mumbai Indians
877, India,Rishi Dhawan,Punjab Kings,50.0,55,2022,Punjab Kings
878, South Africa,Dwaine Pretorius,Chennai Super Kings,50.0,50,2022,Chennai Super Kings
879, West Indies,Sherfane Rutherford,Royal Challengers Bangalore,100.0,100,2022,Royal Challengers Bengaluru
880, Australia,Daniel Sams,Mumbai Indians,100.0,260,2022,Mumbai Indians
881, New Zealand,Mitchell Santner,Chennai Super Kings,100.0,190,2022,Chennai Super Kings
882, West Indies,Romario Shepherd,Sunrisers Hyderabad,75.0,775,2022,Sunrisers Hyderabad
883, Australia,Jason Behrendorff,Royal Challengers Bangalore,75.0,75,2022,Royal Challengers Bengaluru
884, West Indies,Obed McCoy,Rajasthan Royals,75.0,75,2022,Rajasthan Royals
885, England,Tymal Mills,Mumbai Indians,100.0,150,2022,Mumbai Indians
886, New Zealand,Adam Milne,Chennai Super Kings,150.0,190,2022,Chennai Super Kings
887, India,Subhranshu Senapati,Chennai Super Kings,20.0,20,2022,Chennai Super Kings
888, Australia,Tim David,Mumbai Indians,40.0,825,2022,Mumbai Indians
889, India,Pravin Dubey,Delhi Capitals,20.0,50,2022,Delhi Capitals
890, India,Prerak Mankad,Punjab Kings,20.0,20,2022,Punjab Kings
891, India,Suyash Prabhudessai,Royal Challengers Bangalore,20.0,30,2022,Royal Challengers Bengaluru
892, India,Vaibhav Arora,Punjab Kings,20.0,200,2022,Punjab Kings
893, India,Mukesh Choudhary,Chennai Super Kings,20.0,20,2022,Chennai Super Kings
894, India,Rasikh Salam Dar,Kolkata Knight Riders,20.0,20,2022,Kolkata Knight Riders
895, India,Mohsin Khan,Lucknow Super Giants,20.0,20,2022,Lucknow Super Giants
896, India,Chama Milind,Royal Challengers Bangalore,20.0,25,2022,Royal Challengers Bengaluru
897, India,Prashant Solanki,Chennai Super Kings,20.0,120,2022,Chennai Super Kings
898, Australia,Sean Abbott,Sunrisers Hyderabad,20.0,240,2022,Sunrisers Hyderabad
899, West Indies,Alzarri Joseph,Gujarat Titans,75.0,240,2022,Gujarat Titans
900, Australia,Riley Meredith,Mumbai Indians,100.0,100,2022,Mumbai Indians
901, India,Ayush Badoni,Lucknow Super Giants,20.0,20,2022,Lucknow Super Giants
902, India,Aneeshwar Gautam,Royal Challengers Bangalore,100.0,100,2022,Royal Challengers Bengaluru
903, India,Baba Indrajith,Kolkata Knight Riders,20.0,20,2022,Kolkata Knight Riders
904, Sri Lanka,Chamika Karunaratne,Kolkata Knight Riders,50.0,50,2022,Kolkata Knight Riders
905, India,Ravikumar Samarth,Sunrisers Hyderabad,20.0,20,2022,Sunrisers Hyderabad
906, India,Abhijeet Tomar,Kolkata Knight Riders,20.0,40,2022,Kolkata Knight Riders
907, India,Pradeep Sangwan,Gujarat Titans,20.0,20,2022,Gujarat Titans
908, India,Writtick Chatterjee,Punjab Kings,20.0,20,2022,Punjab Kings
909, India,Pratham Singh,Kolkata Knight Riders,20.0,20,2022,Kolkata Knight Riders
910, India,Shashank Singh,Sunrisers Hyderabad,20.0,20,2022,Sunrisers Hyderabad
911, West Indies,Kyle Mayers,Lucknow Super Giants,50.0,50,2022,Lucknow Super Giants
912, India,Karan Sharma,Lucknow Super Giants,20.0,20,2022,Lucknow Super Giants
913, India,Baltej Singh,Punjab Kings,20.0,20,2022,Punjab Kings
914, India,Saurabh Dubey,Sunrisers Hyderabad,20.0,20,2022,Sunrisers Hyderabad
915, India,Mohammed Arshad Khan,Mumbai Indians,20.0,20,2022,Mumbai Indians
916, India,Ansh Patel,Punjab Kings,20.0,20,2022,Punjab Kings
917, India,Ashok Sharma,Kolkata Knight Riders,20.0,50,2022,Kolkata Knight Riders
918, India,Anunay Singh,Rajasthan Royals,20.0,20,2022,Rajasthan Royals
919, South Africa,David Miller,Gujarat Titans,100.0,300,2022,Gujarat Titans
920, England,Sam Billings,Kolkata Knight Riders,200.0,200,2022,Kolkata Knight Riders
921, India,Wriddhiman Saha,Gujarat Titans,100.0,190,2022,Gujarat Titans
922, Australia,Matthew Wade,Gujarat Titans,200.0,240,2022,Gujarat Titans
923, India,C. Hari Nishanth,Chennai Super Kings,20.0,20,2022,Chennai Super Kings
924, India,Anmolpreet Singh,Mumbai Indians,20.0,20,2022,Mumbai Indians
925, India,Narayan Jagadeesan,Chennai Super Kings,20.0,20,2022,Chennai Super Kings
926, India,Vishnu Vinod,Sunrisers Hyderabad,20.0,50,2022,Sunrisers Hyderabad
927, England,Chris Jordan,Chennai Super Kings,200.0,360,2022,Chennai Super Kings
928, South Africa,Lungi Ngidi,Delhi Capitals,50.0,50,2022,Delhi Capitals
929, India,Karn Sharma,Royal Challengers Bangalore,50.0,50,2022,Royal Challengers Bengaluru
930, India,Kuldeep Sen,Rajasthan Royals,20.0,20,2022,Rajasthan Royals
931, England,Alex Hales,Kolkata Knight Riders,150.0,150,2022,Kolkata Knight Riders
932, West Indies,Evin Lewis,Lucknow Super Giants,200.0,200,2022,Lucknow Super Giants
933, India,Karun Nair,Rajasthan Royals,50.0,140,2022,Rajasthan Royals
934, New Zealand,Glenn Phillips,Sunrisers Hyderabad,150.0,150,2022,Sunrisers Hyderabad
935, New Zealand,Tim Seifert,Delhi Capitals,50.0,50,2022,Delhi Capitals
936, Australia,Nathan Ellis,Punjab Kings,75.0,75,2022,Punjab Kings
937, Afghanistan,Fazalhaq Farooqi,Sunrisers Hyderabad,50.0,50,2022,Sunrisers Hyderabad
938, India,Ramandeep Singh,Mumbai Indians,20.0,20,2022,Mumbai Indians
939, India,Atharva Taide,Punjab Kings,20.0,20,2022,Punjab Kings
940, India,Dhruv Jurel,Rajasthan Royals,20.0,20,2022,Rajasthan Royals
941, India,Mayank Yadav,Lucknow Super Giants,20.0,20,2022,Lucknow Super Giants
942, India,Tejas Baroka,Rajasthan Royals,20.0,20,2022,Rajasthan Royals
943, Sri Lanka,Bhanuka Rajapaksa,Punjab Kings,50.0,50,2022,Punjab Kings
944, India,Gurkeerat Singh,Gujarat Titans,50.0,50,2022,Gujarat Titans
945, New Zealand,Tim Southee,Kolkata Knight Riders,150.0,150,2022,Kolkata Knight Riders
946, India,Rahul Buddhi,Mumbai Indians,20.0,20,2022,Mumbai Indians
947, England,Benny Howell,Punjab Kings,40.0,40,2022,Punjab Kings
948, India,Kuldip Yadav,Rajasthan Royals,20.0,20,2022,Rajasthan Royals
949, India,Varun Aaron,Gujarat Titans,50.0,50,2022,Gujarat Titans
950, India,Ramesh Kumar,Kolkata Knight Riders,20.0,20,2022,Kolkata Knight Riders
951, India,Hrithik Shokeen,Mumbai Indians,20.0,20,2022,Mumbai Indians
952, India,K. Bhagath Varma,Chennai Super Kings,20.0,20,2022,Chennai Super Kings
953, India,Arjun Tendulkar,Mumbai Indians,20.0,30,2022,Mumbai Indians
954, India,Shubham Garhwal,Rajasthan Royals,20.0,20,2022,Rajasthan Royals
955, Afghanistan,Mohammad Nabi,Kolkata Knight Riders,100.0,100,2022,Kolkata Knight Riders
956, India,Umesh Yadav,Kolkata Knight Riders,200.0,200,2022,Kolkata Knight Riders
957, New Zealand,James Neesham,Rajasthan Royals,150.0,150,2022,Rajasthan Royals
958, Australia,Nathan Coulter-Nile,Rajasthan Royals,200.0,200,2022,Rajasthan Royals
959, India,Vicky Ostwal,Delhi Capitals,20.0,20,2022,Delhi Capitals
960, South Africa,Rassie van der Dussen,Rajasthan Royals,100.0,100,2022,Rajasthan Royals
961, New Zealand,Daryl Mitchell,Rajasthan Royals,75.0,75,2022,Rajasthan Royals
962, India,Siddharth Kaul,Royal Challengers Bangalore,75.0,75,2022,Royal Challengers Bengaluru
963, India,B. Sai Sudharshan,Gujarat Titans,20.0,20,2022,Gujarat Titans
964, India,Aryan Juyal,Mumbai Indians,20.0,20,2022,Mumbai Indians
965, India,Luvnith Sisodia,Royal Challengers Bangalore,20.0,20,2022,Royal Challengers Bengaluru
966, West Indies,Fabian Allen,Mumbai Indians,75.0,75,2022,Mumbai Indians
967, England,David Willey,Royal Challengers Bangalore,200.0,200,2022,Royal Challengers Bengaluru
968, India,Aman Khan,Kolkata Knight Riders,20.0,20,2022,Kolkata Knight Riders
969, New Zealand,Kane Williamson,Gujarat Titans,200.0,200,2023,Gujarat Titans
970, England,Harry Brook,Sunrisers Hyderabad,150.0,"1,325",2023,Sunrisers Hyderabad
971, India,Mayank Agarwal,Sunrisers Hyderabad,100.0,825,2023,Sunrisers Hyderabad
972, India,Ajinkya Rahane,Chennai Super Kings,50.0,50,2023,Chennai Super Kings
973, England,Sam Curran,Punjab Kings,200.0,"1,850",2023,Punjab Kings
974, West Indies,Odean Smith,Gujarat Titans,50.0,50,2023,Gujarat Titans
975, Zimbabwe,Sikandar Raza,Punjab Kings,50.0,50,2023,Punjab Kings
976, West Indies,Jason Holder,Rajasthan Royals,200.0,575,2023,Rajasthan Royals
977, Australia,Cameron Green,Mumbai Indians,200.0,"1,750",2023,Mumbai Indians
978, England,Ben Stokes,Chennai Super Kings,200.0,"1,625",2023,Chennai Super Kings
979, West Indies,Nicholas Pooran,Lucknow Super Giants,200.0,"1,600",2023,Lucknow Super Giants
980, South Africa,Heinrich Klaasen,Sunrisers Hyderabad,100.0,525,2023,Sunrisers Hyderabad
981, England,Phil Salt,Delhi Capitals,200.0,200,2023,Delhi Capitals
982, England,Reece Topley,Royal Challengers Bangalore,75.0,190,2023,Royal Challengers Bengaluru
983, India,Jaydev Unadkat,Lucknow Super Giants,50.0,50,2023,Lucknow Super Giants
984, Australia,Jhye Richardson,Mumbai Indians,150.0,150,2023,Mumbai Indians
985, India,Ishant Sharma,Delhi Capitals,50.0,50,2023,Delhi Capitals
986, England,Adil Rashid,Sunrisers Hyderabad,200.0,200,2023,Sunrisers Hyderabad
987, India,Mayank Markande,Sunrisers Hyderabad,50.0,50,2023,Sunrisers Hyderabad
988, India,Shaik Rasheed,Chennai Super Kings,20.0,20,2023,Chennai Super Kings
989, India,Vivrant Sharma,Sunrisers Hyderabad,20.0,260,2023,Sunrisers Hyderabad
990, India,Samarth Vyas,Sunrisers Hyderabad,20.0,20,2023,Sunrisers Hyderabad
991, India,Sanvir Singh,Sunrisers Hyderabad,20.0,20,2023,Sunrisers Hyderabad
992, India,Nishant Sindhu,Chennai Super Kings,20.0,60,2023,Chennai Super Kings
993, India,N Jagadeesan,Kolkata Knight Riders,20.0,90,2023,Kolkata Knight Riders
994, India,K. S. Bharat,Gujarat Titans,20.0,120,2023,Gujarat Titans
995, India,Upendra Yadav,Sunrisers Hyderabad,20.0,25,2023,Sunrisers Hyderabad
996, India,Vaibhav Arora,Kolkata Knight Riders,20.0,60,2023,Kolkata Knight Riders
997, India,Yash Thakur,Lucknow Super Giants,20.0,45,2023,Lucknow Super Giants
998, India,Shivam Mavi,Gujarat Titans,40.0,600,2023,Gujarat Titans
999, India,Mukesh Kumar,Delhi Capitals,20.0,550,2023,Delhi Capitals
1000, India,Himanshu Sharma,Royal Challengers Bangalore,20.0,20,2023,Royal Challengers Bengaluru
1001, India,Manish Pandey,Delhi Capitals,100.0,240,2023,Delhi Capitals
1002, England,Will Jacks,Royal Challengers Bangalore,150.0,320,2023,Royal Challengers Bengaluru
1003, West Indies,Romario Shepherd,Lucknow Super Giants,50.0,50,2023,Lucknow Super Giants
1004, Australia,Daniel Sams,Lucknow Super Giants,75.0,75,2023,Lucknow Super Giants
1005, New Zealand,Kyle Jamieson,Chennai Super Kings,100.0,100,2023,Chennai Super Kings
1006, India,Piyush Chawla,Mumbai Indians,50.0,50,2023,Mumbai Indians
1007, India,Amit Mishra,Lucknow Super Giants,50.0,50,2023,Lucknow Super Giants
1008, India,Harpreet Singh Bhatia,Punjab Kings,20.0,40,2023,Punjab Kings
1009, India,Manoj Bhandage,Royal Challengers Bangalore,20.0,20,2023,Royal Challengers Bengaluru
1010, India,Mayank Dagar,Sunrisers Hyderabad,20.0,180,2023,Sunrisers Hyderabad
1011, South Africa,Duan Jansen,Mumbai Indians,20.0,20,2023,Mumbai Indians
1012, India,Prerak Mankad,Lucknow Super Giants,20.0,180,2023,Lucknow Super Giants
1013, South Africa,Donavon Ferreira,Rajasthan Royals,20.0,20,2023,Rajasthan Royals
1014, India,Urvil Patel,Gujarat Titans,20.0,20,2023,Gujarat Titans
1015, India,Vishnu Vinod,Mumbai Indians,20.0,20,2023,Mumbai Indians
1016, India,Vidwath Kaverappa,Punjab Kings,20.0,20,2023,Punjab Kings
1017, India,Rajan Kumar,Royal Challengers Bangalore,20.0,20,2023,Royal Challengers Bengaluru
1018, India,Suyash Sharma,Kolkata Knight Riders,20.0,20,2023,Kolkata Knight Riders
1019, Ireland,Josh Little,Gujarat Titans,50.0,440,2023,Gujarat Titans
1020, India,Mohit Sharma,Gujarat Titans,50.0,50,2023,Gujarat Titans
1021, India,Shams Mulani,Mumbai Indians,20.0,20,2023,Mumbai Indians
1022, India,Swapnil Singh,Lucknow Super Giants,20.0,20,2023,Lucknow Super Giants
1023, Namibia,David Wiese,Kolkata Knight Riders,100.0,100,2023,Kolkata Knight Riders
1024, India,Nitish Kumar Reddy,Sunrisers Hyderabad,20.0,20,2023,Sunrisers Hyderabad
1025, India,Avinash Singh,Royal Challengers Bangalore,20.0,60,2023,Royal Challengers Bengaluru
1026, India,Kunal Rathore,Rajasthan Royals,20.0,20,2023,Rajasthan Royals
1027, India,Sonu Yadav,Royal Challengers Bangalore,20.0,20,2023,Royal Challengers Bengaluru
1028, India,Kulwant Khejroliya,Kolkata Knight Riders,20.0,20,2023,Kolkata Knight Riders
1029, India,Ajay Mandal,Chennai Super Kings,20.0,20,2023,Chennai Super Kings
1030, India,Mohit Rathee,Punjab Kings,20.0,20,2023,Punjab Kings
1031, India,Nehal Wadhera,Mumbai Indians,20.0,20,2023,Mumbai Indians
1032, India,Bhagath Varma,Chennai Super Kings,20.0,20,2023,Chennai Super Kings
1033, India,Shivam Singh,Punjab Kings,20.0,20,2023,Punjab Kings
1034, South Africa,Rilee Rossouw,Royal Challengers Bangalore,200.0,460,2023,Royal Challengers Bengaluru
1035, Bangladesh,Litton Das,Kolkata Knight Riders,50.0,50,2023,Kolkata Knight Riders
1036, West Indies,Akeal Hosein,Sunrisers Hyderabad,100.0,100,2023,Sunrisers Hyderabad
1037, Australia,Adam Zampa,Rajasthan Royals,150.0,150,2023,Rajasthan Royals
1038, India,Anmolpreet Singh,Sunrisers Hyderabad,20.0,20,2023,Sunrisers Hyderabad
1039, India,KM Asif,Rajasthan Royals,20.0,30,2023,Rajasthan Royals
1040, India,Murugan Ashwin,Rajasthan Royals,20.0,20,2023,Rajasthan Royals
1041, India,Mandeep Singh,Kolkata Knight Riders,50.0,50,2023,Kolkata Knight Riders
1042, India,Akash Vasisht,Rajasthan Royals,20.0,20,2023,Rajasthan Royals
1043, Afghanistan,Naveen-ul-Haq,Lucknow Super Giants,50.0,50,2023,Lucknow Super Giants
1044, India,Yudhvir Singh Charak,Lucknow Super Giants,20.0,20,2023,Lucknow Super Giants
1045, India,Raghav Goyal,Mumbai Indians,20.0,20,2023,Mumbai Indians
1046, India,Abdul Basith,Rajasthan Royals,20.0,20,2023,Rajasthan Royals
1047, England,Joe Root,Rajasthan Royals,100.0,100,2023,Rajasthan Royals
1048, Bangladesh,Shakib al Hasan,Kolkata Knight Riders,150.0,150,2023,Kolkata Knight Riders
1049, India,Abdul Basith,Rajasthan Royals,20.0,20,2023,Rajasthan Royals
1050, England,Joe Root,Rajasthan Royals,100.0,100,2023,Rajasthan Royals
1051, Bangladesh,Shakib al Hasan,Kolkata Knight Riders,150.0,150,2023,Kolkata Knight Riders
